year,teamup,upick1,upick2,upick3,teamdown,dpick1,dpick2,dpick3,dpick4,dpick5,dpick6,up_pick1_next_year,up_pick2_next_year,up_pick3_next_year,down_pick1_next_year,down_pick2_next_year,down_pick3_next_year,down_pick4_next_year,down_pick5_next_year,down_pick6_next_year,up_pick1_round,up_pick1_number,up_pick1_year,up_pick2_round,up_pick2_number,up_pick2_year,up_pick3_round,up_pick3_number,up_pick3_year,down_pick1_round,down_pick1_number,down_pick1_year,down_pick2_round,down_pick2_number,down_pick2_year,down_pick3_round,down_pick3_number,down_pick3_year,down_pick4_round,down_pick4_number,down_pick4_year,down_pick5_round,down_pick5_number,down_pick5_year,down_pick6_round,down_pick6_number,down_pick6_year,up1_jj_value,up2_jj_value,up3_jj_value,down1_jj_value,down2_jj_value,down3_jj_value,down4_jj_value,down5_jj_value,down6_jj_value,jj_up_total,jj_down_total,jj_trade_diff,future_up_picks,future_down_picks
2006,Rams,1-11,,,Broncos,1-15,3-68,,,,,0,0,0,0,0,0,0,0,0,1,11,2006,,,2006,,,2006,1,15,2006,3,68,2006,,,2006,,,2006,,,2006,,,2006,1250,0,0,1050,250,0,0,0,0,1250,1300,-50,0,0
2006,Ravens,1-12,,,Browns,1-13,6-181,,,,,0,0,0,0,0,0,0,0,0,1,12,2006,,,2006,,,2006,1,13,2006,6,181,2006,,,2006,,,2006,,,2006,,,2006,1200,0,0,1150,20,0,0,0,0,1200,1170,30,0,0
2006,49ers,1-22,,,Broncos,2-37,3-68,,,,,0,0,0,0,0,0,0,0,0,1,22,2006,,,2006,,,2006,2,37,2006,3,68,2006,,,2006,,,2006,,,2006,,,2006,780,0,0,530,250,0,0,0,0,780,780,0,0,0
2006,Steelers,1-25,,,Giants,1-32,3-96,4-129,,,,0,0,0,0,0,0,0,0,0,1,25,2006,,,2006,,,2006,1,32,2006,3,96,2006,4,129,2006,,,2006,,,2006,,,2006,720,0,0,590,116,43,0,0,0,720,749,-29,0,0
2006,Bills,1-26,,,Bears,2-42,3-73,,,,,0,0,0,0,0,0,0,0,0,1,26,2006,,,2006,,,2006,2,42,2006,3,73,2006,,,2006,,,2006,,,2006,,,2006,700,0,0,480,225,0,0,0,0,700,705,-5,0,0
2006,Redskins,2-35,,,Jets,2-53,6-189,2-37,,,,0,0,0,0,0,1,0,0,0,2,35,2006,,,2006,,,2006,2,53,2006,6,189,2006,2,37,2007,,,2006,,,2006,,,2006,550,0,0,370,17,530,0,0,0,550,917,-367,0,1
2006,Patriots,2-36,,,Packers,2-52,3-75,,,,,0,0,0,0,0,0,0,0,0,2,36,2006,,,2006,,,2006,2,52,2006,3,75,2006,,,2006,,,2006,,,2006,,,2006,540,0,0,380,215,0,0,0,0,540,595,-55,0,0
2006,Falcons,2-37,5-139,,Packers,2-47,3-93,5-148,,,,0,0,0,0,0,0,0,0,0,2,37,2006,5,139,2006,,,2006,2,47,2006,3,93,2006,5,148,2006,,,2006,,,2006,,,2006,530,37,0,430,128,32,0,0,0,567,590,-24,0,0
2006,Eagles,2-39,,,Titans,2-45,4-116,,,,,0,0,0,0,0,0,0,0,0,2,39,2006,,,2006,,,2006,2,45,2006,4,116,2006,,,2006,,,2006,,,2006,,,2006,510,0,0,450,62,0,0,0,0,510,512,-2,0,0
2006,Giants,2-44,,,Ravens,2-56,3-87,,,,,0,0,0,0,0,0,0,0,0,2,44,2006,,,2006,,,2006,2,56,2006,3,87,2006,,,2006,,,2006,,,2006,,,2006,460,0,0,340,155,0,0,0,0,460,495,-35,0,0
2006,Jets,2-49,,,Cowboys,2-53,6-189,7-211,,,,0,0,0,0,0,0,0,0,0,2,49,2006,,,2006,,,2006,2,53,2006,6,189,2006,7,211,2006,,,2006,,,2006,,,2006,410,0,0,370,17,8,0,0,0,410,395,15,0,0
2006,Vikings,2-64,,,Steelers,3-83,3-95,,,,,0,0,0,0,0,0,0,0,0,2,64,2006,,,2006,,,2006,3,83,2006,3,95,2006,,,2006,,,2006,,,2006,,,2006,270,0,0,175,120,0,0,0,0,270,295,-25,0,0
2006,Eagles,3-71,,,Jets,3-76,7-220,,,,,0,0,0,0,0,0,0,0,0,3,71,2006,,,2006,,,2006,3,76,2006,7,220,2006,,,2006,,,2006,,,2006,,,2006,235,0,0,210,4,0,0,0,0,235,214,21,0,0
2006,Jaguars,3-80,,,Cowboys,3-92,4-125,,,,,0,0,0,0,0,0,0,0,0,3,80,2006,,,2006,,,2006,3,92,2006,4,125,2006,,,2006,,,2006,,,2006,,,2006,190,0,0,132,47,0,0,0,0,190,179,11,0,0
2006,Rams,3-93,,,Packers,4-109,6-183,,,,,0,0,0,0,0,0,0,0,0,3,93,2006,,,2006,,,2006,4,109,2006,6,183,2006,,,2006,,,2006,,,2006,,,2006,128,0,0,76,19,0,0,0,0,128,95,33,0,0
2006,Patriots,4-106,,,Lions,5-145,6-206,,,,,0,0,0,0,0,0,0,0,0,4,106,2006,,,2006,,,2006,5,145,2006,6,206,2006,,,2006,,,2006,,,2006,,,2006,82,0,0,34,10,0,0,0,0,82,44,39,0,0
2006,Eagles,4-109,,,Packers,4-115,6-185,,,,,0,0,0,0,0,0,0,0,0,4,109,2006,,,2006,,,2006,4,115,2006,6,185,2006,,,2006,,,2006,,,2006,,,2006,76,0,0,64,18,0,0,0,0,76,82,-6,0,0
2006,Cowboys,5-138,,,Jets,5-150,6-189,,,,,0,0,0,0,0,0,0,0,0,5,138,2006,,,2006,,,2006,5,150,2006,6,189,2006,,,2006,,,2006,,,2006,,,2006,37,0,0,31,17,0,0,0,0,37,48,-11,0,0
2006,49ers,6-197,,,Jaguars,7-213,7-236,,,,,0,0,0,0,0,0,0,0,0,6,197,2006,,,2006,,,2006,7,213,2006,7,236,2006,,,2006,,,2006,,,2006,,,2006,14,0,0,7,2,0,0,0,0,14,9,5,0,0
2006,Colts,7-238,,,Titans,6-206,,,,,,0,0,0,1,0,0,0,0,0,7,238,2006,,,2006,,,2006,6,206,2007,,,2006,,,2006,,,2006,,,2006,,,2006,2,0,0,10,0,0,0,0,0,2,10,-8,0,1
2007,Jets,1-14,6-191,,Panthers,1-25,2-59,5-164,,,,0,0,0,0,0,0,0,0,0,1,14,2007,6,191,2007,,,2007,1,25,2007,2,59,2007,5,164,2007,,,2007,,,2007,,,2007,1100,16,0,720,310,27,0,0,0,1116,1057,59,0,0
2007,Browns,1-17,,,Jaguars,1-21,3-86,6-198,,,,0,0,0,0,0,0,0,0,0,1,17,2007,,,2007,,,2007,1,21,2007,3,86,2007,6,198,2007,,,2007,,,2007,,,2007,950,0,0,800,160,13,0,0,0,950,973,-23,0,0
2007,Browns,1-22,,,Cowboys,2-36,1-22,,,,,0,0,0,0,1,0,0,0,0,1,22,2007,,,2007,,,2007,2,36,2007,1,22,2008,,,2007,,,2007,,,2007,,,2007,780,0,0,540,780,0,0,0,0,780,1320,-540,0,1
2007,Cowboys,1-26,,,Eagles,2-36,3-87,5-159,,,,0,0,0,0,0,0,0,0,0,1,26,2007,,,2007,,,2007,2,36,2007,3,87,2007,5,159,2007,,,2007,,,2007,,,2007,700,0,0,540,155,29,0,0,0,700,724,-24,0,0
2007,49ers,1-28,,,Patriots,4-110,1-7,,,,,0,0,0,0,1,0,0,0,0,1,28,2007,,,2007,,,2007,4,110,2007,1,7,2008,,,2007,,,2007,,,2007,,,2007,660,0,0,74,1500,0,0,0,0,660,1574,-914,0,1
2007,Cardinals,2-33,,,Raiders,2-38,4-105,,,,,0,0,0,0,0,0,0,0,0,2,33,2007,,,2007,,,2007,2,38,2007,4,105,2007,,,2007,,,2007,,,2007,,,2007,580,0,0,520,84,0,0,0,0,580,604,-24,0,0
2007,Bills,2-34,,,Lions,2-43,3-74,,,,,0,0,0,0,0,0,0,0,0,2,34,2007,,,2007,,,2007,2,43,2007,3,74,2007,,,2007,,,2007,,,2007,,,2007,560,0,0,470,220,0,0,0,0,560,690,-130,0,0
2007,Chargers,2-37,,,Bears,2-62,3-93,5-167,3-90,,,0,0,0,0,0,0,1,0,0,2,37,2007,,,2007,,,2007,2,62,2007,3,93,2007,5,167,2007,3,90,2008,,,2007,,,2007,530,0,0,284,128,26,140,0,0,530,578,-48,0,1
2007,Falcons,2-41,,,Vikings,2-44,4-121,,,,,0,0,0,0,0,0,0,0,0,2,41,2007,,,2007,,,2007,2,44,2007,4,121,2007,,,2007,,,2007,,,2007,,,2007,490,0,0,460,52,0,0,0,0,490,512,-22,0,0
2007,Colts,2-42,,,49ers,4-126,1-29,,,,,0,0,0,0,1,0,0,0,0,2,42,2007,,,2007,,,2007,4,126,2007,1,29,2008,,,2007,,,2007,,,2007,,,2007,480,0,0,46,640,0,0,0,0,480,686,-206,0,1
2007,Jets,2-47,7-235,,Packers,2-63,3-89,6-191,,,,0,0,0,0,0,0,0,0,0,2,47,2007,7,235,2007,,,2007,2,63,2007,3,89,2007,6,191,2007,,,2007,,,2007,,,2007,430,2,0,276,145,16,0,0,0,432,437,-5,0,0
2007,Browns,2-53,6-195,,Cowboys,3-67,4-103,6-178,,,,0,0,0,0,0,0,0,0,0,2,53,2007,6,195,2007,,,2007,3,67,2007,4,103,2007,6,178,2007,,,2007,,,2007,,,2007,370,14,0,255,88,21,0,0,0,384,364,20,0,0
2007,Lions,2-58,,,Saints,3-66,5-145,,,,,0,0,0,0,0,0,0,0,0,2,58,2007,,,2007,,,2007,3,66,2007,5,145,2007,,,2007,,,2007,,,2007,,,2007,320,0,0,260,34,0,0,0,0,320,294,27,0,0
2007,Lions,2-61,,,Ravens,3-74,4-101,,,,,0,0,0,0,0,0,0,0,0,2,61,2007,,,2007,,,2007,3,74,2007,4,101,2007,,,2007,,,2007,,,2007,,,2007,292,0,0,220,96,0,0,0,0,292,316,-24,0,0
2007,Ravens,3-86,,,Jaguars,4-101,5-166,6-203,,,,0,0,0,0,0,0,0,0,0,3,86,2007,,,2007,,,2007,4,101,2007,5,166,2007,6,203,2007,,,2007,,,2007,,,2007,160,0,0,96,26,11,0,0,0,160,133,27,0,0
2007,Raiders,3-91,,,Patriots,7-211,3-69,,,,,0,0,0,0,1,0,0,0,0,3,91,2007,,,2007,,,2007,7,211,2007,3,69,2008,,,2007,,,2007,,,2007,,,2007,136,0,0,8,245,0,0,0,0,136,253,-117,0,1
2007,Vikings,4-102,,,Bucs,4-106,6-182,,,,,0,0,0,0,0,0,0,0,0,4,102,2007,,,2007,,,2007,4,106,2007,6,182,2007,,,2007,,,2007,,,2007,,,2007,92,0,0,82,20,0,0,0,0,92,102,-10,0,0
2007,Saints,4-107,,,Texans,4-123,5-163,,,,,0,0,0,0,0,0,0,0,0,4,107,2007,,,2007,,,2007,4,123,2007,5,163,2007,,,2007,,,2007,,,2007,,,2007,80,0,0,49,27,0,0,0,0,80,76,4,0,0
2007,Steelers,4-112,,,Packers,4-119,6-192,,,,,0,0,0,0,0,0,0,0,0,4,112,2007,,,2007,,,2007,4,119,2007,6,192,2007,,,2007,,,2007,,,2007,,,2007,70,0,0,56,16,0,0,0,0,70,72,-2,0,0
2007,Lions,4-117,,,Rams,5-139,5-154,,,,,0,0,0,0,0,0,0,0,0,4,117,2007,,,2007,,,2007,5,139,2007,5,154,2007,,,2007,,,2007,,,2007,,,2007,60,0,0,37,31,0,0,0,0,60,67,-7,0,0
2007,Broncos,4-121,,,Vikings,6-176,7-233,3-73,,,,0,0,0,0,0,1,0,0,0,4,121,2007,,,2007,,,2007,6,176,2007,7,233,2007,3,73,2008,,,2007,,,2007,,,2007,52,0,0,22,2,225,0,0,0,52,249,-197,0,1
2007,Jaguars,5-149,,,Falcons,6-194,6-198,7-203,,,,0,0,0,0,0,0,0,0,0,5,149,2007,,,2007,,,2007,6,194,2007,6,198,2007,7,203,2007,,,2007,,,2007,,,2007,32,0,0,15,13,11,0,0,0,32,39,-7,0,0
2007,Cowboys,6-195,,,Browns,6-200,7-234,,,,,0,0,0,0,0,0,0,0,0,6,195,2007,,,2007,,,2007,6,200,2007,7,234,2007,,,2007,,,2007,,,2007,,,2007,14,0,0,12,2,0,0,0,0,14,14,0,0,0
2008,Saints,1-7,5-164,,Patriots,1-10,3-78,,,,,0,0,0,0,0,0,0,0,0,1,7,2008,5,164,2008,,,2008,1,10,2008,3,78,2008,,,2008,,,2008,,,2008,,,2008,1500,27,0,1300,200,0,0,0,0,1527,1500,27,0,0
2008,Jaguars,1-8,,,Ravens,1-26,3-71,3-89,4-125,,,0,0,0,0,0,0,0,0,0,1,8,2008,,,2008,,,2008,1,26,2008,3,71,2008,3,89,2008,4,125,2008,,,2008,,,2008,1400,0,0,700,235,145,47,0,0,1400,1127,273,0,0
2008,Lions`,1-15,3-76,,Chiefs,1-17,3-66,5-136,,,,0,0,0,0,0,0,0,0,0,1,15,2008,3,76,2008,,,2008,1,17,2008,3,66,2008,5,136,2008,,,2008,,,2008,,,2008,1050,210,0,950,260,38,0,0,0,1260,1248,12,0,0
2008,Ravens,1-18,,,Texans,1-26,3-89,6-173,,,,0,0,0,0,0,0,0,0,0,1,18,2008,,,2008,,,2008,1,26,2008,3,89,2008,6,173,2008,,,2008,,,2008,,,2008,900,0,0,700,145,23,0,0,0,900,868,32,0,0
2008,Panthers,1-19,,,Eagles,2-43,4-109,1-28,,,,0,0,0,0,0,1,0,0,0,1,19,2008,,,2008,,,2008,2,43,2008,4,109,2008,1,28,2009,,,2008,,,2008,,,2008,875,0,0,470,76,660,0,0,0,875,1206,-331,0,1
2008,Falcons,1-21,3-84,5-154,Redskins,2-34,2-48,4-103,,,,0,0,0,0,0,0,0,0,0,1,21,2008,3,84,2008,5,154,2008,2,34,2008,2,48,2008,4,103,2008,,,2008,,,2008,,,2008,800,170,31,560,420,88,0,0,0,1001,1068,-67,0,0
2008,Cowboys,1-25,,,Seahawks,1-28,5-163,7-235,,,,0,0,0,0,0,0,0,0,0,1,25,2008,,,2008,,,2008,1,28,2008,5,163,2008,7,235,2008,,,2008,,,2008,,,2008,720,0,0,660,27,2,0,0,0,720,689,31,0,0
2008,Jets,1-30,,,Packers,2-36,4-113,,,,,0,0,0,0,0,0,0,0,0,1,30,2008,,,2008,,,2008,2,36,2008,4,113,2008,,,2008,,,2008,,,2008,,,2008,620,0,0,540,68,0,0,0,0,620,608,12,0,0
2008,Seahawks,2-38,,,Ravens,2-55,3-86,,,,,0,0,0,0,0,0,0,0,0,2,38,2008,,,2008,,,2008,2,55,2008,3,86,2008,,,2008,,,2008,,,2008,,,2008,520,0,0,350,160,0,0,0,0,520,510,10,0,0
2008,Vikings,2-43,5-152,,Eagles,2-47,4-117,,,,,0,0,0,0,0,0,0,0,0,2,43,2008,5,152,2008,,,2008,2,47,2008,4,117,2008,,,2008,,,2008,,,2008,,,2008,470,32,0,430,60,0,0,0,0,502,490,12,0,0
2008,Jaguars,2-52,,,Bucs,2-58,5-158,7-217,,,,0,0,0,0,0,0,0,0,0,2,52,2008,,,2008,,,2008,2,58,2008,5,158,2008,7,217,2008,,,2008,,,2008,,,2008,380,0,0,320,29,6,0,0,0,380,355,25,0,0
2008,Lions,3-64,,,Dolphins,3-66,5-176,,,,,0,0,0,0,0,0,0,0,0,3,64,2008,,,2008,,,2008,3,66,2008,5,176,2008,,,2008,,,2008,,,2008,,,2008,270,0,0,260,22,0,0,0,0,270,282,-12,0,0
2008,Chargers,3-69,,,Patriots,5-160,2-47,,,,,0,0,0,0,1,0,0,0,0,3,69,2008,,,2008,,,2008,5,160,2008,2,47,2009,,,2008,,,2008,,,2008,,,2008,245,0,0,28,430,0,0,0,0,245,458,-213,0,1
2008,Lions,3-92,,,Cowboys,4-111,4-110,,,,,0,0,0,0,1,0,0,0,0,3,92,2008,,,2008,,,2008,4,111,2008,4,110,2009,,,2008,,,2008,,,2008,,,2008,132,0,0,72,74,0,0,0,0,132,146,-14,0,1
2008,Raiders,4-100,,,Cowboys,4-104,7-213,,,,,0,0,0,0,0,0,0,0,0,4,100,2008,,,2008,,,2008,4,104,2008,7,213,2008,,,2008,,,2008,,,2008,,,2008,100,0,0,86,7,0,0,0,0,100,93,7,0,0
2008,Packers,4-102,,,Jets,4-113,5-162,,,,,0,0,0,0,0,0,0,0,0,4,102,2008,,,2008,,,2008,4,113,2008,5,162,2008,,,2008,,,2008,,,2008,,,2008,92,0,0,68,28,0,0,0,0,92,96,-4,0,0
2008,Titans,4-103,,,Redskins,4-124,5-157,,,,,0,0,0,0,0,0,0,0,0,4,103,2008,,,2008,,,2008,4,124,2008,5,157,2008,,,2008,,,2008,,,2008,,,2008,88,0,0,48,30,0,0,0,0,88,78,10,0,0
2008,Browns,4-104,,,Cowboys,4-122,5-155,7-213,,,,0,0,0,0,0,0,0,0,0,4,104,2008,,,2008,,,2008,4,122,2008,5,155,2008,7,213,2008,,,2008,,,2008,,,2008,86,0,0,50,30,7,0,0,0,86,88,-2,0,0
2008,Dolphins,4-110,,,Bears,4-115,7-208,,,,,0,0,0,0,0,0,0,0,0,4,110,2008,,,2008,,,2008,4,115,2008,7,208,2008,,,2008,,,2008,,,2008,,,2008,74,0,0,64,9,0,0,0,0,74,73,1,0,0
2008,Browns,4-111,,,Cowboys,3-69,,,,,,0,0,0,1,0,0,0,0,0,4,111,2008,,,2008,,,2008,3,69,2009,,,2008,,,2008,,,2008,,,2008,,,2008,72,0,0,245,0,0,0,0,0,72,245,-173,0,1
2008,Bucs,4-115,6-175,,Bears,4-120,5-158,,,,,0,0,0,0,0,0,0,0,0,4,115,2008,6,175,2008,,,2008,4,120,2008,5,158,2008,,,2008,,,2008,,,2008,,,2008,64,22,0,54,29,0,0,0,0,86,83,3,0,0
2008,Giants,4-123,,,Steelers,4-130,6-194,,,,,0,0,0,0,0,0,0,0,0,4,123,2008,,,2008,,,2008,4,130,2008,6,194,2008,,,2008,,,2008,,,2008,,,2008,49,0,0,42,15,0,0,0,0,49,57,-8,0,0
2008,Rams,4-129,,,Packers,5-137,7-217,,,,,0,0,0,0,0,0,0,0,0,4,129,2008,,,2008,,,2008,5,137,2008,7,217,2008,,,2008,,,2008,,,2008,,,2008,43,0,0,38,6,0,0,0,0,43,43,0,0,0
2008,Vikings,5-137,,,Packers,5-150,7-209,,,,,0,0,0,0,0,0,0,0,0,5,137,2008,,,2008,,,2008,5,150,2008,7,209,2008,,,2008,,,2008,,,2008,,,2008,38,0,0,31,9,0,0,0,0,38,40,-3,0,0
2008,Cowboys,5-143,,,Jaguars,5-155,7-213,,,,,0,0,0,0,0,0,0,0,0,5,143,2008,,,2008,,,2008,5,155,2008,7,213,2008,,,2008,,,2008,,,2008,,,2008,35,0,0,30,7,0,0,0,0,35,38,-3,0,0
2008,Saints,5-144,,,Saints,5-146,7-218,,,,,0,0,0,0,0,0,0,0,0,5,144,2008,,,2008,,,2008,5,146,2008,7,218,2008,,,2008,,,2008,,,2008,,,2008,34,0,0,33,5,0,0,0,0,34,38,-4,0,0
2008,Patriots,5-153,,,Bucs,5-160,7-238,,,,,0,0,0,0,0,0,0,0,0,5,153,2008,,,2008,,,2008,5,160,2008,7,238,2008,,,2008,,,2008,,,2008,,,2008,31,0,0,28,2,0,0,0,0,31,30,1,0,0
2008,Rams,5-157,7-228,,Redskins,6-168,6-180,,,,,0,0,0,0,0,0,0,0,0,5,157,2008,7,228,2008,,,2008,6,168,2008,6,180,2008,,,2008,,,2008,,,2008,,,2008,30,3,0,25,20,0,0,0,0,32,46,-13,0,0
2008,Browns,6-191,,,Eagles,5-141,,,,,,0,0,0,1,0,0,0,0,0,6,191,2008,,,2008,,,2008,5,141,2009,,,2008,,,2008,,,2008,,,2008,,,2008,16,0,0,36,0,0,0,0,0,16,36,-20,0,1
2008,Saints,7-237,,,Packers,6-187,,,,,,0,0,0,1,0,0,0,0,0,7,237,2008,,,2008,,,2008,6,187,2009,,,2008,,,2008,,,2008,,,2008,,,2008,2,0,0,18,0,0,0,0,0,2,18,-16,0,1
2009,Bucs,1-17,,,Browns,1-19,6-191,,,,,0,0,0,0,0,0,0,0,0,1,17,2009,,,2009,,,2009,1,19,2009,6,191,2009,,,2009,,,2009,,,2009,,,2009,950,0,0,875,16,0,0,0,0,950,891,59,0,0
2009,Eagles,1-19,,,Browns,1-21,6-195,,,,,0,0,0,0,0,0,0,0,0,1,19,2009,,,2009,,,2009,1,21,2009,6,195,2009,,,2009,,,2009,,,2009,,,2009,875,0,0,800,14,0,0,0,0,875,814,61,0,0
2009,Ravens,1-23,,,Patriots,1-26,5-162,,,,,0,0,0,0,0,0,0,0,0,1,23,2009,,,2009,,,2009,1,26,2009,5,162,2009,,,2009,,,2009,,,2009,,,2009,760,0,0,700,28,0,0,0,0,760,728,32,0,0
2009,Packers,1-26,5-162,,Patriots,2-41,3-73,3-83,,,,0,0,0,0,0,0,0,0,0,1,26,2009,5,162,2009,,,2009,2,41,2009,3,73,2009,3,83,2009,,,2009,,,2009,,,2009,700,28,0,490,225,175,0,0,0,728,890,-162,0,0
2009,Broncos,2-37,,,Seahawks,1-14,,,,,,0,0,0,1,0,0,0,0,0,2,37,2009,,,2009,,,2009,1,14,2010,,,2009,,,2009,,,2009,,,2009,,,2009,530,0,0,1100,0,0,0,0,0,530,1100,-570,0,1
2009,Patriots,2-40,,,Raiders,2-47,4-124,6-199,,,,0,0,0,0,0,0,0,0,0,2,40,2009,,,2009,,,2009,2,47,2009,4,124,2009,6,199,2009,,,2009,,,2009,,,2009,500,0,0,430,48,13,0,0,0,500,491,9,0,0
2009,Panthers,2-43,4-111,,49ers,1-17,,,,,,0,0,0,1,0,0,0,0,0,2,43,2009,4,111,2009,,,2009,1,17,2010,,,2009,,,2009,,,2009,,,2009,,,2009,470,72,0,950,0,0,0,0,0,542,950,-408,0,1
2009,Seahawks,2-49,,,Bears,3-68,4-105,,,,,0,0,0,0,0,0,0,0,0,2,49,2009,,,2009,,,2009,3,68,2009,4,105,2009,,,2009,,,2009,,,2009,,,2009,410,0,0,250,84,0,0,0,0,410,334,76,0,0
2009,Bills,2-51,,,Cowboys,3-75,4-110,,,,,0,0,0,0,0,0,0,0,0,2,51,2009,,,2009,,,2009,3,75,2009,4,110,2009,,,2009,,,2009,,,2009,,,2009,390,0,0,215,74,0,0,0,0,390,289,101,0,0
2009,Colts,2-56,,,Dolphins,2-61,5-165,,,,,0,0,0,0,0,0,0,0,0,2,56,2009,,,2009,,,2009,2,61,2009,5,165,2009,,,2009,,,2009,,,2009,,,2009,340,0,0,292,26,0,0,0,0,340,318,22,0,0
2009,Broncos,2-64,4-132,,Steelers,3-79,3-84,,,,,0,0,0,0,0,0,0,0,0,2,64,2009,4,132,2009,,,2009,3,79,2009,3,84,2009,,,2009,,,2009,,,2009,,,2009,270,40,0,195,170,0,0,0,0,310,365,-55,0,0
2009,Jets,3-65,,,Lions,3-76,4-115,7-228,,,,0,0,0,0,0,0,0,0,0,3,65,2009,,,2009,,,2009,3,76,2009,4,115,2009,7,228,2009,,,2009,,,2009,,,2009,265,0,0,210,64,3,0,0,0,265,277,-12,0,0
2009,Jaguars,3-73,,,Patriots,7-232,2-44,,,,,0,0,0,0,1,0,0,0,0,3,73,2009,,,2009,,,2009,7,232,2009,2,44,2010,,,2009,,,2009,,,2009,,,2009,225,0,0,2,460,0,0,0,0,225,462,-237,0,1
2009,Eagles,3-85,,,Giants,3-91,5-164,,,,,0,0,0,0,0,0,0,0,0,3,85,2009,,,2009,,,2009,3,91,2009,5,164,2009,,,2009,,,2009,,,2009,,,2009,165,0,0,136,27,0,0,0,0,165,163,2,0,0
2009,Titans,3-89,,,Patriots,2-47,,,,,,0,0,0,1,0,0,0,0,0,3,89,2009,,,2009,,,2009,2,47,2010,,,2009,,,2009,,,2009,,,2009,,,2009,145,0,0,430,0,0,0,0,0,145,430,-285,0,1
2009,Seahawks,3-91,,,Eagles,5-137,7-213,3-70,,,,0,0,0,0,0,1,0,0,0,3,91,2009,,,2009,,,2009,5,137,2009,7,213,2009,3,70,2010,,,2009,,,2009,,,2009,136,0,0,38,7,240,0,0,0,136,285,-149,0,1
2009,Cowboys,4-117,,,Bucs,4-120,7-229,,,,,0,0,0,0,0,0,0,0,0,4,117,2009,,,2009,,,2009,4,120,2009,7,229,2009,,,2009,,,2009,,,2009,,,2009,60,0,0,54,3,0,0,0,0,60,57,4,0,0
2009,Patriots,4-123,6-198,,Ravens,5-137,5-141,,,,,0,0,0,0,0,0,0,0,0,4,123,2009,6,198,2009,,,2009,5,137,2009,5,141,2009,,,2009,,,2009,,,2009,,,2009,49,13,0,38,36,0,0,0,0,62,73,-11,0,0
2009,Broncos,5-141,,,Ravens,5-149,6-185,,,,,0,0,0,0,0,0,0,0,0,5,141,2009,,,2009,,,2009,5,149,2009,6,185,2009,,,2009,,,2009,,,2009,,,2009,36,0,0,32,18,0,0,0,0,36,50,-15,0,0
2009,Cowboys,5-143,,,Falcons,5-156,7-210,,,,,0,0,0,0,0,0,0,0,0,5,143,2009,,,2009,,,2009,5,156,2009,7,210,2009,,,2009,,,2009,,,2009,,,2009,35,0,0,30,8,0,0,0,0,35,38,-4,0,0
2009,Vikings,5-150,,,Redskins,5-158,7-221,,,,,0,0,0,0,0,0,0,0,0,5,150,2009,,,2009,,,2009,5,158,2009,7,221,2009,,,2009,,,2009,,,2009,,,2009,31,0,0,29,4,0,0,0,0,31,33,-2,0,0
2009,Saints,5-164,,,Eagles,7-222,5-163,,,,,0,0,0,0,1,0,0,0,0,5,164,2009,,,2009,,,2009,7,222,2009,5,163,2010,,,2009,,,2009,,,2009,,,2009,27,0,0,4,27,0,0,0,0,27,31,-4,0,1
2009,Broncos,6-174,,,Lions,7-235,5-146,,,,,0,0,0,0,1,0,0,0,0,6,174,2009,,,2009,,,2009,7,235,2009,5,146,2010,,,2009,,,2009,,,2009,,,2009,23,0,0,2,33,0,0,0,0,23,35,-12,0,1
2009,Raiders,6-202,,,Panthers,7-216,6-175,,,,,0,0,0,0,1,0,0,0,0,6,202,2009,,,2009,,,2009,7,216,2009,6,175,2010,,,2009,,,2009,,,2009,,,2009,12,0,0,6,22,0,0,0,0,12,28,-17,0,1
2009,Chiefs,7-237,,,Dolphins,7-212,,,,,,0,0,0,1,0,0,0,0,0,7,237,2009,,,2009,,,2009,7,212,2010,,,2009,,,2009,,,2009,,,2009,,,2009,2,0,0,8,0,0,0,0,0,2,8,-6,0,1
2010,49ers,1-11,,,Broncos,1-13,4-113,,,,,0,0,0,0,0,0,0,0,0,1,11,2010,,,2010,,,2010,1,13,2010,4,113,2010,,,2010,,,2010,,,2010,,,2010,1250,0,0,1150,68,0,0,0,0,1250,1218,32,0,0
2010,Eagles,1-13,,,Broncos,1-24,3-70,3-87,,,,0,0,0,0,0,0,0,0,0,1,13,2010,,,2010,,,2010,1,24,2010,3,70,2010,3,87,2010,,,2010,,,2010,,,2010,1150,0,0,740,240,155,0,0,0,1150,1135,15,0,0
2010,Broncos,1-22,,,Patriots,1-24,4-113,,,,,0,0,0,0,0,0,0,0,0,1,22,2010,,,2010,,,2010,1,24,2010,4,113,2010,,,2010,,,2010,,,2010,,,2010,780,0,0,740,68,0,0,0,0,780,808,-28,0,0
2010,Cowboys,1-24,4-119,,Patriots,1-27,3-90,,,,,0,0,0,0,0,0,0,0,0,1,24,2010,4,119,2010,,,2010,1,27,2010,3,90,2010,,,2010,,,2010,,,2010,,,2010,740,56,0,680,140,0,0,0,0,796,820,-24,0,0
2010,Broncos,1-25,,,Ravens,2-43,3-70,4-114,,,,0,0,0,0,0,0,0,0,0,1,25,2010,,,2010,,,2010,2,43,2010,3,70,2010,4,114,2010,,,2010,,,2010,,,2010,720,0,0,470,240,66,0,0,0,720,776,-56,0,0
2010,Lions,1-30,4-128,,Vikings,2-34,4-100,7-214,,,,0,0,0,0,0,0,0,0,0,1,30,2010,4,128,2010,,,2010,2,34,2010,4,100,2010,7,214,2010,,,2010,,,2010,,,2010,620,44,0,560,100,7,0,0,0,664,667,-3,0,0
2010,Bucs,2-39,,,Raiders,2-42,5-153,,,,,0,0,0,0,0,0,0,0,0,2,39,2010,,,2010,,,2010,2,42,2010,5,153,2010,,,2010,,,2010,,,2010,,,2010,510,0,0,480,31,0,0,0,0,510,511,-1,0,0
2010,Patriots,2-42,,,Raiders,2-44,6-190,,,,,0,0,0,0,0,0,0,0,0,2,42,2010,,,2010,,,2010,2,44,2010,6,190,2010,,,2010,,,2010,,,2010,,,2010,480,0,0,460,16,0,0,0,0,480,476,4,0,0
2010,Cardinals,2-47,,,Patriots,2-58,3-89,,,,,0,0,0,0,0,0,0,0,0,2,47,2010,,,2010,,,2010,2,58,2010,3,89,2010,,,2010,,,2010,,,2010,,,2010,430,0,0,320,145,0,0,0,0,430,465,-35,0,0
2010,Texans,2-51,,,Vikings,2-62,3-93,,,,,0,0,0,0,0,0,0,0,0,2,51,2010,,,2010,,,2010,2,62,2010,3,93,2010,,,2010,,,2010,,,2010,,,2010,390,0,0,284,128,0,0,0,0,390,412,-22,0,0
2010,Cowboys,2-55,,,Eagles,2-59,4-125,,,,,0,0,0,0,0,0,0,0,0,2,55,2010,,,2010,,,2010,2,59,2010,4,125,2010,,,2010,,,2010,,,2010,,,2010,350,0,0,310,47,0,0,0,0,350,357,-7,0,0
2010,Texans,2-58,,,Patriots,2-62,5-150,,,,,0,0,0,0,0,0,0,0,0,2,58,2010,,,2010,,,2010,2,62,2010,5,150,2010,,,2010,,,2010,,,2010,,,2010,320,0,0,284,31,0,0,0,0,320,315,5,0,0
2010,Browns,2-59,,,Eagles,3-71,5-134,5-146,,,,0,0,0,0,0,0,0,0,0,2,59,2010,,,2010,,,2010,3,71,2010,5,134,2010,5,146,2010,,,2010,,,2010,,,2010,310,0,0,235,39,33,0,0,0,310,307,3,0,0
2010,Packers,3-71,,,Eagles,3-86,4-122,,,,,0,0,0,0,0,0,0,0,0,3,71,2010,,,2010,,,2010,3,86,2010,4,122,2010,,,2010,,,2010,,,2010,,,2010,235,0,0,160,50,0,0,0,0,235,210,25,0,0
2010,Chargers,3-79,,,49ers,3-91,6-173,4-115,,,,0,0,0,0,0,1,0,0,0,3,79,2010,,,2010,,,2010,3,91,2010,6,173,2010,4,115,2011,,,2010,,,2010,,,2010,195,0,0,136,23,64,0,0,0,195,223,-28,0,1
2010,Panthers,3-89,,,Patriots,2-33,,,,,,0,0,0,1,0,0,0,0,0,3,89,2010,,,2010,,,2010,2,33,2011,,,2010,,,2010,,,2010,,,2010,,,2010,145,0,0,580,0,0,0,0,0,145,580,-435,0,1
2010,Chiefs,3-93,,,Texans,4-102,5-144,,,,,0,0,0,0,0,0,0,0,0,3,93,2010,,,2010,,,2010,4,102,2010,5,144,2010,,,2010,,,2010,,,2010,,,2010,128,0,0,92,34,0,0,0,0,128,126,2,0,0
2010,Jets,4-112,,,Panthers,4-124,6-198,,,,,0,0,0,0,0,0,0,0,0,4,112,2010,,,2010,,,2010,4,124,2010,6,198,2010,,,2010,,,2010,,,2010,,,2010,70,0,0,48,13,0,0,0,0,70,61,9,0,0
2010,Dolphins,4-119,,,Cowboys,4-126,6-179,,,,,0,0,0,0,0,0,0,0,0,4,119,2010,,,2010,,,2010,4,126,2010,6,179,2010,,,2010,,,2010,,,2010,,,2010,56,0,0,46,21,0,0,0,0,56,67,-11,0,0
2010,Saints,4-123,,,Cowboys,4-130,6-201,,,,,0,0,0,0,0,0,0,0,0,4,123,2010,,,2010,,,2010,4,130,2010,6,201,2010,,,2010,,,2010,,,2010,,,2010,49,0,0,42,12,0,0,0,0,49,54,-5,0,0
2010,Falcons,5-135,,,Rams,5-149,6-189,,,,,0,0,0,0,0,0,0,0,0,5,135,2010,,,2010,,,2010,5,149,2010,6,189,2010,,,2010,,,2010,,,2010,,,2010,39,0,0,32,17,0,0,0,0,39,49,-10,0,0
2010,Chargers,5-146,,,Eagles,5-159,5-149,,,,,0,0,0,0,1,0,0,0,0,5,146,2010,,,2010,,,2010,5,159,2010,5,149,2011,,,2010,,,2010,,,2010,,,2010,33,0,0,29,32,0,0,0,0,33,61,-28,0,1
2010,Jaguars,5-158,,,Saints,4-121,,,,,,0,0,0,1,0,0,0,0,0,5,158,2010,,,2010,,,2010,4,121,2011,,,2010,,,2010,,,2010,,,2010,,,2010,29,0,0,52,0,0,0,0,0,29,52,-23,0,1
2010,Redskins,5-163,,,Dolphins,6-174,7-219,,,,,0,0,0,0,0,0,0,0,0,5,163,2010,,,2010,,,2010,6,174,2010,7,219,2010,,,2010,,,2010,,,2010,,,2010,27,0,0,23,5,0,0,0,0,27,28,0,0,0
2010,Patriots,7-208,,,Redskins,7-229,7-231,,,,,0,0,0,0,0,0,0,0,0,7,208,2010,,,2010,,,2010,7,229,2010,7,231,2010,,,2010,,,2010,,,2010,,,2010,9,0,0,3,2,0,0,0,0,9,5,4,0,0
2010,Eagles,7-220,,,Lions,6-186,,,,,,0,0,0,1,0,0,0,0,0,7,220,2010,,,2010,,,2010,6,186,2011,,,2010,,,2010,,,2010,,,2010,,,2010,4,0,0,18,0,0,0,0,0,4,18,-14,0,1
2010,Broncos,7-225,7-232,,Bucs,5-135,,,,,,0,0,0,1,0,0,0,0,0,7,225,2010,7,232,2010,,,2010,5,135,2011,,,2010,,,2010,,,2010,,,2010,,,2010,3,2,0,39,0,0,0,0,0,5,39,-33,0,1
2011,Falcons,1-6,,,Browns,1-26,2-59,4-124,1-22,4-118,,0,0,0,0,0,0,1,1,0,1,6,2011,,,2011,,,2011,1,26,2011,2,59,2011,4,124,2011,1,22,2012,4,118,2012,,,2011,1600,0,0,700,310,48,780,58,0,1600,1896,-296,0,2
2011,Jaguars,1-10,,,Redskins,1-16,2-49,,,,,0,0,0,0,0,0,0,0,0,1,10,2011,,,2011,,,2011,1,16,2011,2,49,2011,,,2011,,,2011,,,2011,,,2011,1300,0,0,1000,410,0,0,0,0,1300,1410,-110,0,0
2011,Browns,1-21,,,Chiefs,1-36,3-70,,,,,0,0,0,0,0,0,0,0,0,1,21,2011,,,2011,,,2011,1,36,2011,3,70,2011,,,2011,,,2011,,,2011,,,2011,800,0,0,540,240,0,0,0,0,800,780,20,0,0
2011,Saints,1-28,,,Patriots,2-56,1-27,,,,,0,0,0,0,1,0,0,0,0,1,28,2011,,,2011,,,2011,2,56,2011,1,27,2012,,,2011,,,2011,,,2011,,,2011,660,0,0,340,680,0,0,0,0,660,1020,-360,0,1
2011,49ers,2-36,,,Broncos,2-45,4-108,5-141,,,,0,0,0,0,0,0,0,0,0,2,36,2011,,,2011,,,2011,2,45,2011,4,108,2011,5,141,2011,,,2011,,,2011,,,2011,540,0,0,450,78,36,0,0,0,540,564,-24,0,0
2011,Colts,2-49,,,Colts,2-53,5-152,,,,,0,0,0,0,0,0,0,0,0,2,49,2011,,,2011,,,2011,2,53,2011,5,152,2011,,,2011,,,2011,,,2011,,,2011,410,0,0,370,32,0,0,0,0,410,402,8,0,0
2011,Bears,2-53,,,Redskins,2-62,4-127,,,,,0,0,0,0,0,0,0,0,0,2,53,2011,,,2011,,,2011,2,62,2011,4,127,2011,,,2011,,,2011,,,2011,,,2011,370,0,0,284,45,0,0,0,0,370,329,41,0,0
2011,Lions,2-57,5-157,7-209,Seahawks,3-75,4-107,5-154,7-205,,,0,0,0,0,0,0,0,0,0,2,57,2011,5,157,2011,7,209,2011,3,75,2011,4,107,2011,5,154,2011,7,205,2011,,,2011,,,2011,330,30,9,215,80,31,10,0,0,368,336,32,0,0
2011,Patriots,2-60,,,Texans,3-73,5-138,,,,,0,0,0,0,0,0,0,0,0,2,60,2011,,,2011,,,2011,3,73,2011,5,138,2011,,,2011,,,2011,,,2011,,,2011,300,0,0,225,37,0,0,0,0,300,262,38,0,0
2011,Dolphins,2-62,,,Redskins,3-79,5-146,7-217,,,,0,0,0,0,0,0,0,0,0,2,62,2011,,,2011,,,2011,3,79,2011,5,146,2011,7,217,2011,,,2011,,,2011,,,2011,284,0,0,195,33,6,0,0,0,284,234,50,0,0
2011,Jaguars,3-76,,,49ers,3-80,6-182,,,,,0,0,0,0,0,0,0,0,0,3,76,2011,,,2011,,,2011,3,80,2011,6,182,2011,,,2011,,,2011,,,2011,,,2011,210,0,0,190,20,0,0,0,0,210,210,0,0,0
2011,Ravens,3-85,,,Eagles,3-90,6-191,,,,,0,0,0,0,0,0,0,0,0,3,85,2011,,,2011,,,2011,3,90,2011,6,191,2011,,,2011,,,2011,,,2011,,,2011,165,0,0,140,16,0,0,0,0,165,156,9,0,0
2011,Raiders,3-92,4-125,,Patriots,7-219,2-48,,,,,0,0,0,0,1,0,0,0,0,3,92,2011,4,125,2011,,,2011,7,219,2011,2,48,2012,,,2011,,,2011,,,2011,,,2011,132,47,0,5,420,0,0,0,0,179,425,-246,0,1
2011,Bucs,4-104,,,Eagles,4-116,4-99,,,,,0,0,0,0,1,0,0,0,0,4,104,2011,,,2011,,,2011,4,116,2011,4,99,2012,,,2011,,,2011,,,2011,,,2011,86,0,0,62,104,0,0,0,0,86,166,-80,0,1
2011,Redskins,4-105,6-178,,Texans,4-127,5-144,5-152,,,,0,0,0,0,0,0,0,0,0,4,105,2011,6,178,2011,,,2011,4,127,2011,5,144,2011,5,152,2011,,,2011,,,2011,,,2011,84,21,0,45,34,32,0,0,0,105,111,-6,0,0
2011,Broncos,4-129,7-204,,Packers,4-141,6-186,,,,,0,0,0,0,0,0,0,0,0,4,129,2011,7,204,2011,,,2011,4,141,2011,6,186,2011,,,2011,,,2011,,,2011,,,2011,43,11,0,36,18,0,0,0,0,54,54,0,0,0
2011,Falcons,5-145,,,Rams,5-158,7-229,,,,,0,0,0,0,0,0,0,0,0,5,145,2011,,,2011,,,2011,5,158,2011,7,229,2011,,,2011,,,2011,,,2011,,,2011,34,0,0,29,3,0,0,0,0,34,32,2,0,0
2011,Browns,5-150,,,Vikings,6-168,6-170,,,,,0,0,0,0,0,0,0,0,0,5,150,2011,,,2011,,,2011,6,168,2011,6,170,2011,,,2011,,,2011,,,2011,,,2011,31,0,0,25,24,0,0,0,0,31,50,-18,0,0
2011,Jets,5-153,7-227,,Eagles,5-161,6-194,,,,,0,0,0,0,0,0,0,0,0,5,153,2011,7,227,2011,,,2011,5,161,2011,6,194,2011,,,2011,,,2011,,,2011,,,2011,31,3,0,28,15,0,0,0,0,34,43,-9,0,0
2011,49ers,5-163,,,Packers,6-174,7-231,,,,,0,0,0,0,0,0,0,0,0,5,163,2011,,,2011,,,2011,6,174,2011,7,231,2011,,,2011,,,2011,,,2011,,,2011,27,0,0,23,2,0,0,0,0,27,25,2,0,0
2011,Dolphins,6-174,7-231,,Packers,6-179,7-218,,,,,0,0,0,0,0,0,0,0,0,6,174,2011,7,231,2011,,,2011,6,179,2011,7,218,2011,,,2011,,,2011,,,2011,,,2011,23,2,0,21,5,0,0,0,0,25,26,-1,0,0
2012,Redskins,1-2,,,Rams,1-6,2-39,1-22,1-2,,,0,0,0,0,0,1,2,0,0,1,2,2012,,,2012,,,2012,1,6,2012,2,39,2012,1,22,2013,1,2,2014,,,2012,,,2012,2600,0,0,1600,510,780,2600,0,0,2600,5490,-2890,0,2
2012,Browns,1-3,,,Vikings,1-4,4-118,5-139,7-211,,,0,0,0,0,0,0,0,0,0,1,3,2012,,,2012,,,2012,1,4,2012,4,118,2012,5,139,2012,7,211,2012,,,2012,,,2012,2200,0,0,1800,58,37,8,0,0,2200,1903,298,0,0
2012,Bucs,1-5,,,Jaguars,1-7,4-101,,,,,0,0,0,0,0,0,0,0,0,1,5,2012,,,2012,,,2012,1,7,2012,4,101,2012,,,2012,,,2012,,,2012,,,2012,1700,0,0,1500,96,0,0,0,0,1700,1596,104,0,0
2012,Cowboys,1-6,,,Rams,1-14,2-45,,,,,0,0,0,0,0,0,0,0,0,1,6,2012,,,2012,,,2012,1,14,2012,2,45,2012,,,2012,,,2012,,,2012,,,2012,1600,0,0,1100,450,0,0,0,0,1600,1550,50,0,0
2012,Eagles,1-12,,,Seahawks,1-15,4-114,6-172,,,,0,0,0,0,0,0,0,0,0,1,12,2012,,,2012,,,2012,1,15,2012,4,114,2012,6,172,2012,,,2012,,,2012,,,2012,1200,0,0,1050,66,24,0,0,0,1200,1140,60,0,0
2012,Patriots,1-21,,,Bengals,1-27,3-93,,,,,0,0,0,0,0,0,0,0,0,1,21,2012,,,2012,,,2012,1,27,2012,3,93,2012,,,2012,,,2012,,,2012,,,2012,800,0,0,680,128,0,0,0,0,800,808,-8,0,0
2012,Patriots,1-25,,,Broncos,1-31,4-126,,,,,0,0,0,0,0,0,0,0,0,1,25,2012,,,2012,,,2012,1,31,2012,4,126,2012,,,2012,,,2012,,,2012,,,2012,720,0,0,600,46,0,0,0,0,720,646,74,0,0
2012,Vikings,1-29,,,Ravens,2-35,4-98,,,,,0,0,0,0,0,0,0,0,0,1,29,2012,,,2012,,,2012,2,35,2012,4,98,2012,,,2012,,,2012,,,2012,,,2012,640,0,0,550,108,0,0,0,0,640,658,-18,0,0
2012,Bucs,1-31,4-126,,Broncos,2-36,4-101,,,,,0,0,0,0,0,0,0,0,0,1,31,2012,4,126,2012,,,2012,2,36,2012,4,101,2012,,,2012,,,2012,,,2012,,,2012,600,46,0,540,96,0,0,0,0,646,636,10,0,0
2012,Jets,2-43,,,Seahawks,2-47,5-154,7-232,,,,0,0,0,0,0,0,0,0,0,2,43,2012,,,2012,,,2012,2,47,2012,5,154,2012,7,232,2012,,,2012,,,2012,,,2012,470,0,0,430,31,2,0,0,0,470,463,7,0,0
2012,Bears,2-45,,,Cowboys,2-50,5-150,,,,,0,0,0,0,0,0,0,0,0,2,45,2012,,,2012,,,2012,2,50,2012,5,150,2012,,,2012,,,2012,,,2012,,,2012,450,0,0,400,31,0,0,0,0,450,431,19,0,0
2012,Packers,2-51,,,Eagles,2-59,4-123,,,,,0,0,0,0,0,0,0,0,0,2,51,2012,,,2012,,,2012,2,59,2012,4,123,2012,,,2012,,,2012,,,2012,,,2012,390,0,0,310,49,0,0,0,0,390,359,31,0,0
2012,Bucs,2-58,7-233,,Texans,3-68,4-126,,,,,0,0,0,0,0,0,0,0,0,2,58,2012,7,233,2012,,,2012,3,68,2012,4,126,2012,,,2012,,,2012,,,2012,,,2012,320,2,0,250,46,0,0,0,0,322,296,26,0,0
2012,Packers,2-62,,,Patriots,3-90,5-163,,,,,0,0,0,0,0,0,0,0,0,2,62,2012,,,2012,,,2012,3,90,2012,5,163,2012,,,2012,,,2012,,,2012,,,2012,284,0,0,140,27,0,0,0,0,284,167,117,0,0
2012,Browns,3-67,,,Broncos,3-87,4-120,,,,,0,0,0,0,0,0,0,0,0,3,67,2012,,,2012,,,2012,3,87,2012,4,120,2012,,,2012,,,2012,,,2012,,,2012,255,0,0,155,54,0,0,0,0,255,209,46,0,0
2012,Bills,3-69,,,Redskins,3-71,7-217,,,,,0,0,0,0,0,0,0,0,0,3,69,2012,,,2012,,,2012,3,71,2012,7,217,2012,,,2012,,,2012,,,2012,,,2012,245,0,0,235,6,0,0,0,0,245,241,4,0,0
2012,Chargers,3-73,,,Dolphins,3-78,6-183,,,,,0,0,0,0,0,0,0,0,0,3,73,2012,,,2012,,,2012,3,78,2012,6,183,2012,,,2012,,,2012,,,2012,,,2012,225,0,0,200,19,0,0,0,0,225,219,6,0,0
2012,Ravens,3-84,,,Falcons,3-91,5-164,,,,,0,0,0,0,0,0,0,0,0,3,84,2012,,,2012,,,2012,3,91,2012,5,164,2012,,,2012,,,2012,,,2012,,,2012,170,0,0,136,27,0,0,0,0,170,163,7,0,0
2012,Colts,3-92,,,49ers,4-97,5-157,,,,,0,0,0,0,1,0,0,0,0,3,92,2012,,,2012,,,2012,4,97,2012,5,157,2013,,,2012,,,2012,,,2012,,,2012,132,0,0,112,30,0,0,0,0,132,142,-10,0,1
2012,Dolphins,4-97,,,49ers,4-103,6-196,6-180,,,,0,0,0,0,0,1,0,0,0,4,97,2012,,,2012,,,2012,4,103,2012,6,196,2012,6,180,2013,,,2012,,,2012,,,2012,112,0,0,88,14,20,0,0,0,112,122,-10,0,1
2012,Panthers,4-103,,,49ers,6-180,3-74,,,,,0,0,0,0,1,0,0,0,0,4,103,2012,,,2012,,,2012,6,180,2012,3,74,2013,,,2012,,,2012,,,2012,,,2012,88,0,0,20,220,0,0,0,0,88,240,-152,0,1
2012,Steelers,4-109,,,Redskins,4-119,6-193,,,,,0,0,0,0,0,0,0,0,0,4,109,2012,,,2012,,,2012,4,119,2012,6,193,2012,,,2012,,,2012,,,2012,,,2012,76,0,0,56,15,0,0,0,0,76,71,5,0,0
2012,49ers,4-117,,,Lions,4-125,6-196,,,,,0,0,0,0,0,0,0,0,0,4,117,2012,,,2012,,,2012,4,125,2012,6,196,2012,,,2012,,,2012,,,2012,,,2012,60,0,0,47,14,0,0,0,0,60,61,-1,0,0
2012,Lions,5-138,7-223,,Vikings,7-219,4-102,,,,,0,0,0,0,1,0,0,0,0,5,138,2012,7,223,2012,,,2012,7,219,2012,4,102,2013,,,2012,,,2012,,,2012,,,2012,37,3,0,5,92,0,0,0,0,40,97,-57,0,1
2012,Dolphins,5-145,,,Titans,5-155,7-227,,,,,0,0,0,0,0,0,0,0,0,5,145,2012,,,2012,,,2012,5,155,2012,7,227,2012,,,2012,,,2012,,,2012,,,2012,34,0,0,30,3,0,0,0,0,34,33,0,0,0
2012,Lions,5-148,,,Raiders,5-158,7-230,,,,,0,0,0,0,0,0,0,0,0,5,148,2012,,,2012,,,2012,5,158,2012,7,230,2012,,,2012,,,2012,,,2012,,,2012,32,0,0,29,2,0,0,0,0,32,32,1,0,0
2012,Packers,5-163,,,Patriots,6-197,7-224,7-235,,,,0,0,0,0,0,0,0,0,0,5,163,2012,,,2012,,,2012,6,197,2012,7,224,2012,7,235,2012,,,2012,,,2012,,,2012,27,0,0,14,3,2,0,0,0,27,19,9,0,0
2012,Titans,7-211,,,Vikings,6-176,,,,,,0,0,0,1,0,0,0,0,0,7,211,2012,,,2012,,,2012,6,176,2013,,,2012,,,2012,,,2012,,,2012,,,2012,8,0,0,22,0,0,0,0,0,8,22,-14,0,1
2013,Dolphins,1-3,,,Raiders,1-12,2-42,,,,,0,0,0,0,0,0,0,0,0,1,3,2013,,,2013,,,2013,1,12,2013,2,42,2013,,,2013,,,2013,,,2013,,,2013,2200,0,0,1200,480,0,0,0,0,2200,1680,520,0,0
2013,Rams,1-8,3-71,,Bills,1-16,2-46,3-78,7-222,,,0,0,0,0,0,0,0,0,0,1,8,2013,3,71,2013,,,2013,1,16,2013,2,46,2013,3,78,2013,7,222,2013,,,2013,,,2013,1400,235,0,1000,440,200,4,0,0,1635,1644,-9,0,0
2013,49ers,1-18,,,Cowboys,1-31,3-74,,,,,0,0,0,0,0,0,0,0,0,1,18,2013,,,2013,,,2013,1,31,2013,3,74,2013,,,2013,,,2013,,,2013,,,2013,900,0,0,600,220,0,0,0,0,900,820,80,0,0
2013,Vikings,1-19,,,Patriots,2-52,3-83,4-102,7-229,,,0,0,0,0,0,0,0,0,0,1,19,2013,,,2013,,,2013,2,52,2013,3,83,2013,4,102,2013,7,229,2013,,,2013,,,2013,875,0,0,380,175,92,3,0,0,875,650,226,0,0
2013,Falcons,1-22,7-249,,Rams,1-30,3-92,6-198,,,,0,1,0,0,0,0,0,0,0,1,22,2013,7,249,2014,,,2013,1,30,2013,3,92,2013,6,198,2013,,,2013,,,2013,,,2013,780,1,0,620,132,13,0,0,0,781,765,16,1,0
2013,Titans,2-34,,,49ers,2-40,3-216,3-77,,,,0,0,0,0,0,1,0,0,0,2,34,2013,,,2013,,,2013,2,40,2013,3,216,2013,3,77,2014,,,2013,,,2013,,,2013,560,0,0,500,6,205,0,0,0,560,711,-151,0,1
2013,Chargers,2-38,,,Cardinals,2-45,3-110,,,,,0,0,0,0,0,0,0,0,0,2,38,2013,,,2013,,,2013,2,45,2013,3,110,2013,,,2013,,,2013,,,2013,,,2013,520,0,0,450,74,0,0,0,0,520,524,-4,0,0
2013,49ers,2-55,,,Packers,2-61,6-173,,,,,0,0,0,0,0,0,0,0,0,2,55,2013,,,2013,,,2013,2,61,2013,6,173,2013,,,2013,,,2013,,,2013,,,2013,350,0,0,292,23,0,0,0,0,350,315,35,0,0
2013,Rams,2-56,,,Seahawks,3-62,5-165,6-199,,,,0,0,0,0,0,0,0,0,0,2,56,2013,,,2013,,,2013,3,62,2013,5,165,2013,6,199,2013,,,2013,,,2013,,,2013,340,0,0,284,26,13,0,0,0,340,323,17,0,0
2013,Saints,3-82,,,Dolphins,3-106,4-109,,,,,0,0,0,0,0,0,0,0,0,3,82,2013,,,2013,,,2013,3,106,2013,4,109,2013,,,2013,,,2013,,,2013,,,2013,180,0,0,82,76,0,0,0,0,180,158,22,0,0
2013,49ers,3-88,,,Packers,3-93,7-216,,,,,0,0,0,0,0,0,0,0,0,3,88,2013,,,2013,,,2013,3,93,2013,7,216,2013,,,2013,,,2013,,,2013,,,2013,150,0,0,128,6,0,0,0,0,150,134,16,0,0
2013,Dolphins,3-93,,,Packers,3-109,5-146,7-224,,,,0,0,0,0,0,0,0,0,0,3,93,2013,,,2013,,,2013,3,109,2013,5,146,2013,7,224,2013,,,2013,,,2013,,,2013,128,0,0,76,33,3,0,0,0,128,112,16,0,0
2013,Eagles,4-98,,,Jaguars,4-101,7-210,,,,,0,0,0,0,0,0,0,0,0,4,98,2013,,,2013,,,2013,4,101,2013,7,210,2013,,,2013,,,2013,,,2013,,,2013,108,0,0,96,8,0,0,0,0,108,104,4,0,0
2013,Bucs,4-100,,,Raiders,4-112,6-181,,,,,0,0,0,0,0,0,0,0,0,4,100,2013,,,2013,,,2013,4,112,2013,6,181,2013,,,2013,,,2013,,,2013,,,2013,100,0,0,70,20,0,0,0,0,100,90,10,0,0
2013,Giants,4-110,,,Cardinals,4-116,6-187,,,,,0,0,0,0,0,0,0,0,0,4,110,2013,,,2013,,,2013,4,116,2013,6,187,2013,,,2013,,,2013,,,2013,,,2013,74,0,0,62,18,0,0,0,0,74,80,-6,0,0
2013,Steelers,4-111,,,Browns,3-83,,,,,,0,0,0,1,0,0,0,0,0,4,111,2013,,,2013,,,2013,3,83,2014,,,2013,,,2013,,,2013,,,2013,,,2013,72,0,0,175,0,0,0,0,0,72,175,-103,0,1
2013,Packers,4-125,,,Broncos,5-146,6-173,,,,,0,0,0,0,0,0,0,0,0,4,125,2013,,,2013,,,2013,5,146,2013,6,173,2013,,,2013,,,2013,,,2013,,,2013,47,0,0,33,23,0,0,0,0,47,56,-9,0,0
2013,Seahawks,5-137,,,Lions,5-165,6-199,,,,,0,0,0,0,0,0,0,0,0,5,137,2013,,,2013,,,2013,5,165,2013,6,199,2013,,,2013,,,2013,,,2013,,,2013,38,0,0,26,13,0,0,0,0,38,39,-2,0,0
2013,Colts,5-139,,,Browns,4-127,,,,,,0,0,0,1,0,0,0,0,0,5,139,2013,,,2013,,,2013,4,127,2014,,,2013,,,2013,,,2013,,,2013,,,2013,37,0,0,45,0,0,0,0,0,37,45,-9,0,1
2013,Falcons,5-153,,,Bears,5-163,7-236,,,,,0,0,0,0,0,0,0,0,0,5,153,2013,,,2013,,,2013,5,163,2013,7,236,2013,,,2013,,,2013,,,2013,,,2013,31,0,0,27,2,0,0,0,0,31,29,2,0,0
2013,Rams,5-160,,,Texans,6-184,6-198,,,,,0,0,0,0,0,0,0,0,0,5,160,2013,,,2013,,,2013,6,184,2013,6,198,2013,,,2013,,,2013,,,2013,,,2013,28,0,0,19,13,0,0,0,0,28,32,-4,0,0
2013,Texans,6-176,,,Raiders,6-184,7-233,,,,,0,0,0,0,0,0,0,0,0,6,176,2013,,,2013,,,2013,6,184,2013,7,233,2013,,,2013,,,2013,,,2013,,,2013,22,0,0,19,2,0,0,0,0,22,21,1,0,0
2013,Bears,6-189,,,Vikings,6-196,7-229,,,,,0,0,0,0,0,0,0,0,0,6,189,2013,,,2013,,,2013,6,196,2013,7,229,2013,,,2013,,,2013,,,2013,,,2013,17,0,0,14,3,0,0,0,0,17,17,0,0,0
2014,Bills,1-4,,,Browns,1-9,1-19,4-115,,,,0,0,0,0,1,0,0,0,0,1,4,2014,,,2014,,,2014,1,9,2014,1,19,2015,4,115,2014,,,2014,,,2014,,,2014,1800,0,0,1350,875,64,0,0,0,1800,2289,-489,0,1
2014,Browns,1-8,,,Vikings,1-9,5-145,,,,,0,0,0,0,0,0,0,0,0,1,8,2014,,,2014,,,2014,1,9,2014,5,145,2014,,,2014,,,2014,,,2014,,,2014,1400,0,0,1350,34,0,0,0,0,1400,1384,17,0,0
2014,Saints,1-20,,,Cardinals,1-27,3-91,,,,,0,0,0,0,0,0,0,0,0,1,20,2014,,,2014,,,2014,1,27,2014,3,91,2014,,,2014,,,2014,,,2014,,,2014,850,0,0,680,136,0,0,0,0,850,816,34,0,0
2014,Browns,1-22,,,Eagles,1-26,3-83,,,,,0,0,0,0,0,0,0,0,0,1,22,2014,,,2014,,,2014,1,26,2014,3,83,2014,,,2014,,,2014,,,2014,,,2014,780,0,0,700,175,0,0,0,0,780,875,-95,0,0
2014,Vikings,1-32,,,Seahawks,2-40,4-108,,,,,0,0,0,0,0,0,0,0,0,1,32,2014,,,2014,,,2014,2,40,2014,4,108,2014,,,2014,,,2014,,,2014,,,2014,590,0,0,500,78,0,0,0,0,590,578,12,0,0
2014,Cowboys,2-34,,,Redskins,2-47,3-78,,,,,0,0,0,0,0,0,0,0,0,2,34,2014,,,2014,,,2014,2,47,2014,3,78,2014,,,2014,,,2014,,,2014,,,2014,560,0,0,430,200,0,0,0,0,560,630,-70,0,0
2014,Lions,2-40,5-146,,Seahawks,2-45,4-111,7-227,,,,0,0,0,0,0,0,0,0,0,2,40,2014,5,146,2014,,,2014,2,45,2014,4,111,2014,7,227,2014,,,2014,,,2014,,,2014,500,33,0,450,72,3,0,0,0,533,525,8,0,0
2014,Rams,2-41,,,Bills,2-44,5-153,,,,,0,0,0,0,0,0,0,0,0,2,41,2014,,,2014,,,2014,2,44,2014,5,153,2014,,,2014,,,2014,,,2014,,,2014,490,0,0,460,31,0,0,0,0,490,491,-1,0,0
2014,Eagles,2-42,,,Titans,2-54,4-122,,,,,0,0,0,0,0,0,0,0,0,2,42,2014,,,2014,,,2014,2,54,2014,4,122,2014,,,2014,,,2014,,,2014,,,2014,480,0,0,360,50,0,0,0,0,480,410,70,0,0
2014,Chargers,2-50,,,Dolphins,2-57,4-125,,,,,0,0,0,0,0,0,0,0,0,2,50,2014,,,2014,,,2014,2,57,2014,4,125,2014,,,2014,,,2014,,,2014,,,2014,400,0,0,330,47,0,0,0,0,400,377,23,0,0
2014,Broncos,2-56,7-242,,49ers,2-63,5-171,4-126,,,,0,0,0,0,0,1,0,0,0,2,56,2014,7,242,2014,,,2014,2,63,2014,5,171,2014,4,126,2015,,,2014,,,2014,,,2014,340,1,0,276,24,46,0,0,0,341,346,-5,0,1
2014,49ers,2-57,,,Dolphins,2-63,5-171,,,,,0,0,0,0,0,0,0,0,0,2,57,2014,,,2014,,,2014,2,63,2014,5,171,2014,,,2014,,,2014,,,2014,,,2014,330,0,0,276,24,0,0,0,0,330,300,30,0,0
2014,Jaguars,2-61,,,49ers,3-70,5-150,,,,,0,0,0,0,0,0,0,0,0,2,61,2014,,,2014,,,2014,3,70,2014,5,150,2014,,,2014,,,2014,,,2014,,,2014,292,0,0,240,31,0,0,0,0,292,271,21,0,0
2014,Dolphins,3-67,,,Raiders,3-81,4-116,,,,,0,0,0,0,0,0,0,0,0,3,67,2014,,,2014,,,2014,3,81,2014,4,116,2014,,,2014,,,2014,,,2014,,,2014,255,0,0,185,62,0,0,0,0,255,247,8,0,0
2014,Texans,3-83,,,Eagles,4-101,5-141,,,,,0,0,0,0,0,0,0,0,0,3,83,2014,,,2014,,,2014,4,101,2014,5,141,2014,,,2014,,,2014,,,2014,,,2014,175,0,0,96,36,0,0,0,0,175,132,44,0,0
2014,Jaguars,3-93,,,Patriots,4-105,6-179,,,,,0,0,0,0,0,0,0,0,0,3,93,2014,,,2014,,,2014,4,105,2014,6,179,2014,,,2014,,,2014,,,2014,,,2014,128,0,0,84,21,0,0,0,0,128,105,23,0,0
2014,Browns,3-94,,,49ers,4-106,6-180,,,,,0,0,0,0,0,0,0,0,0,3,94,2014,,,2014,,,2014,4,106,2014,6,180,2014,,,2014,,,2014,,,2014,,,2014,124,0,0,82,20,0,0,0,0,124,102,22,0,0
2014,Bengals,4-111,,,Seahawks,4-123,6-199,,,,,0,0,0,0,0,0,0,0,0,4,111,2014,,,2014,,,2014,4,123,2014,6,199,2014,,,2014,,,2014,,,2014,,,2014,72,0,0,49,13,0,0,0,0,72,62,10,0,0
2014,Bears,4-131,7-246,,Broncos,4-156,5-143,,,,,0,0,0,0,0,0,0,0,0,4,131,2014,7,246,2014,,,2014,4,156,2014,5,143,2014,,,2014,,,2014,,,2014,,,2014,41,1,0,30,35,0,0,0,0,42,65,-23,0,0
2014,Cowboys,5-146,,,Lions,5-158,7-229,,,,,0,0,0,0,0,0,0,0,0,5,146,2014,,,2014,,,2014,5,158,2014,7,229,2014,,,2014,,,2014,,,2014,,,2014,33,0,0,29,3,0,0,0,0,33,32,1,0,0
2014,Panthers,5-148,,,Vikings,5-168,7-225,,,,,0,0,0,0,0,0,0,0,0,5,148,2014,,,2014,,,2014,5,168,2014,7,225,2014,,,2014,,,2014,,,2014,,,2014,32,0,0,25,3,0,0,0,0,32,28,4,0,0
2014,Bucs,5-149,,,Bills,7-221,5-137,,,,,0,0,0,0,1,0,0,0,0,5,149,2014,,,2014,,,2014,7,221,2014,5,137,2015,,,2014,,,2014,,,2014,,,2014,32,0,0,4,38,0,0,0,0,32,42,-10,0,1
2014,Falcons,5-168,,,Vikings,6-182,7-220,,,,,0,0,0,0,0,0,0,0,0,5,168,2014,,,2014,,,2014,6,182,2014,7,220,2014,,,2014,,,2014,,,2014,,,2014,25,0,0,20,4,0,0,0,0,25,24,1,0,0
2014,Titans,6-178,,,Redskins,6-186,7-228,,,,,0,0,0,0,0,0,0,0,0,6,178,2014,,,2014,,,2014,6,186,2014,7,228,2014,,,2014,,,2014,,,2014,,,2014,21,0,0,18,3,0,0,0,0,21,21,1,0,0
2014,Ravens,7-218,,,Browns,6-202,,,,,,0,0,0,1,0,0,0,0,0,7,218,2014,,,2014,,,2014,6,202,2015,,,2014,,,2014,,,2014,,,2014,,,2014,5,0,0,12,0,0,0,0,0,5,12,-6,0,1
2015,Chargers,1-15,,,49ers,1-17,4-117,5-142,,,,0,0,0,0,0,0,0,0,0,1,15,2015,,,2015,,,2015,1,17,2015,4,117,2015,5,142,2015,,,2015,,,2015,,,2015,1050,0,0,950,60,35,0,0,0,1050,1045,5,0,0
2015,Giants,2-33,,,Titans,2-40,4-108,7-245,,,,0,0,0,0,0,0,0,0,0,2,33,2015,,,2015,,,2015,2,40,2015,4,108,2015,7,245,2015,,,2015,,,2015,,,2015,580,0,0,500,78,1,0,0,0,580,579,1,0,0
2015,Panthers,2-41,,,Rams,2-57,3-89,6-201,,,,0,0,0,0,0,0,0,0,0,2,41,2015,,,2015,,,2015,2,57,2015,3,89,2015,6,201,2015,,,2015,,,2015,,,2015,490,0,0,330,145,12,0,0,0,490,487,3,0,0
2015,Texans,2-43,7-229,,Browns,2-51,4-116,6-195,,,,0,0,0,0,0,0,0,0,0,2,43,2015,7,229,2015,,,2015,2,51,2015,4,116,2015,6,195,2015,,,2015,,,2015,,,2015,470,3,0,390,62,14,0,0,0,473,466,6,0,0
2015,Eagles,2-47,6-191,,Dolphins,2-52,5-145,5-156,,,,0,0,0,0,0,0,0,0,0,2,47,2015,6,191,2015,,,2015,2,52,2015,5,145,2015,5,156,2015,,,2015,,,2015,,,2015,430,16,0,380,34,30,0,0,0,446,444,3,0,0
2015,Ravens,2-55,,,Cardinals,2-58,5-158,,,,,0,0,0,0,0,0,0,0,0,2,55,2015,,,2015,,,2015,2,58,2015,5,158,2015,,,2015,,,2015,,,2015,,,2015,350,0,0,320,29,0,0,0,0,350,349,1,0,0
2015,Bucs,2-61,4-128,,Colts,3-65,4-109,,,,,0,0,0,0,0,0,0,0,0,2,61,2015,4,128,2015,,,2015,3,65,2015,4,109,2015,,,2015,,,2015,,,2015,,,2015,292,44,0,265,76,0,0,0,0,336,341,-5,0,0
2015,Seahawks,3-69,,,Redskins,3-95,4-112,5-167,6-181,,,0,0,0,0,0,0,0,0,0,3,69,2015,,,2015,,,2015,3,95,2015,4,112,2015,5,167,2015,6,181,2015,,,2015,,,2015,245,0,0,120,70,26,20,0,0,245,236,9,0,0
2015,Texans,3-70,,,Jets,3-82,5-152,7-229,,,,0,0,0,0,0,0,0,0,0,3,70,2015,,,2015,,,2015,3,82,2015,5,152,2015,7,229,2015,,,2015,,,2015,,,2015,240,0,0,180,32,3,0,0,0,240,214,26,0,0
2015,Chiefs,3-76,,,Vikings,3-80,6-193,,,,,0,0,0,0,0,0,0,0,0,3,76,2015,,,2015,,,2015,3,80,2015,6,193,2015,,,2015,,,2015,,,2015,,,2015,210,0,0,190,15,0,0,0,0,210,205,5,0,0
2015,Lions,3-80,,,Vikings,3-88,5-143,,,,,0,0,0,0,0,0,0,0,0,3,80,2015,,,2015,,,2015,3,88,2015,5,143,2015,,,2015,,,2015,,,2015,,,2015,190,0,0,150,35,0,0,0,0,190,185,6,0,0
2015,Browns,3-96,7-219,,Patriots,4-111,5-147,6-202,,,,0,0,0,0,0,0,0,0,0,3,96,2015,7,219,2015,,,2015,4,111,2015,5,147,2015,6,202,2015,,,2015,,,2015,,,2015,116,5,0,72,33,12,0,0,0,121,116,5,0,0
2015,Panthers,4-102,,,Raiders,4-124,5-161,7-242,,,,0,0,0,0,0,0,0,0,0,4,102,2015,,,2015,,,2015,4,124,2015,5,161,2015,7,242,2015,,,2015,,,2015,,,2015,92,0,0,48,28,1,0,0,0,92,77,15,0,0
2015,Jets,4-103,,,Jaguars,4-104,7-229,,,,,0,0,0,0,0,0,0,0,0,4,103,2015,,,2015,,,2015,4,104,2015,7,229,2015,,,2015,,,2015,,,2015,,,2015,88,0,0,86,3,0,0,0,0,88,89,-1,0,0
2015,Lions,4-113,,,Eagles,3-77,,,,,,0,0,0,1,0,0,0,0,0,4,113,2015,,,2015,,,2015,3,77,2016,,,2015,,,2015,,,2015,,,2015,,,2015,68,0,0,205,0,0,0,0,0,68,205,-137,0,1
2015,Cardinals,4-116,,,Browns,4-123,6-198,7-241,,,,0,0,0,0,0,0,0,0,0,4,116,2015,,,2015,,,2015,4,123,2015,6,198,2015,7,241,2015,,,2015,,,2015,,,2015,62,0,0,49,13,1,0,0,0,62,64,-2,0,0
2015,Bucs,4-124,,,Raiders,4-128,7-218,,,,,0,0,0,0,0,0,0,0,0,4,124,2015,,,2015,,,2015,4,128,2015,7,218,2015,,,2015,,,2015,,,2015,,,2015,48,0,0,44,5,0,0,0,0,48,49,-1,0,0
2015,Falcons,5-137,,,Vikings,5-146,6-185,,,,,0,0,0,0,0,0,0,0,0,5,137,2015,,,2015,,,2015,5,146,2015,6,185,2015,,,2015,,,2015,,,2015,,,2015,38,0,0,33,18,0,0,0,0,38,51,-14,0,0
2015,Packers,5-147,,,Patriots,5-166,7-247,,,,,0,0,0,0,0,0,0,0,0,5,147,2015,,,2015,,,2015,5,166,2015,7,247,2015,,,2015,,,2015,,,2015,,,2015,33,0,0,26,1,0,0,0,0,33,27,6,0,0
2015,Colts,5-151,,,49ers,5-165,7-244,,,,,0,0,0,0,0,0,0,0,0,5,151,2015,,,2015,,,2015,5,165,2015,7,244,2015,,,2015,,,2015,,,2015,,,2015,31,0,0,26,1,0,0,0,0,31,27,4,0,0
2015,Saints,5-167,,,Redskins,6-187,6-187,,,,,0,0,0,0,1,0,0,0,0,5,167,2015,,,2015,,,2015,6,187,2015,6,187,2016,,,2015,,,2015,,,2015,,,2015,26,0,0,18,18,0,0,0,0,26,35,-10,0,1
2015,Cowboys,7-246,,,49ers,6-178,,,,,,0,0,0,1,0,0,0,0,0,7,246,2015,,,2015,,,2015,6,178,2016,,,2015,,,2015,,,2015,,,2015,,,2015,1,0,0,21,0,0,0,0,0,1,21,-20,0,1
2016,Rams,1-1,4-113,6-177,Titans,1-15,2-43,2-45,3-76,1-5,3-100,0,0,0,0,0,0,0,1,1,1,1,2016,4,113,2016,6,177,2016,1,15,2016,2,43,2016,2,45,2016,3,76,2016,1,5,2017,3,100,2017,3000,68,22,1050,470,450,210,1700,100,3090,3980,-890,0,2
2016,Eagles,1-2,4-139,,Browns,1-8,3-77,4-100,1-12,2-64,,0,1,0,0,0,0,1,1,0,1,2,2016,4,139,2017,,,2016,1,8,2016,3,77,2016,4,100,2016,1,12,2017,2,64,2017,,,2016,2600,37,0,1400,205,100,1200,270,0,2637,3175,-539,1,2
2016,Titans,1-8,6-176,,Browns,1-15,3-76,2-52,,,,0,0,0,0,0,1,0,0,0,1,8,2016,6,176,2016,,,2016,1,15,2016,3,76,2016,2,52,2017,,,2016,,,2016,,,2016,1400,22,0,1050,210,380,0,0,0,1422,1640,-218,0,1
2016,Bears,1-9,,,Bucs,1-11,4-106,,,,,0,0,0,0,0,0,0,0,0,1,9,2016,,,2016,,,2016,1,11,2016,4,106,2016,,,2016,,,2016,,,2016,,,2016,1350,0,0,1250,82,0,0,0,0,1350,1332,18,0,0
2016,Texans,1-21,,,Redskins,1-22,6-209,,,,,0,0,0,0,0,0,0,0,0,1,21,2016,,,2016,,,2016,1,22,2016,6,209,2016,,,2016,,,2016,,,2016,,,2016,800,0,0,780,9,0,0,0,0,800,789,11,0,0
2016,Broncos,1-26,,,Seahawks,1-31,3-94,,,,,0,0,0,0,0,0,0,0,0,1,26,2016,,,2016,,,2016,1,31,2016,3,94,2016,,,2016,,,2016,,,2016,,,2016,700,0,0,600,124,0,0,0,0,700,724,-24,0,0
2016,49ers,1-28,7-249,,Chiefs,2-37,4-105,6-178,,,,0,0,0,0,0,0,0,0,0,1,28,2016,7,249,2016,,,2016,2,37,2016,4,105,2016,6,178,2016,,,2016,,,2016,,,2016,660,1,0,530,84,21,0,0,0,661,635,26,0,0
2016,Jaguars,2-36,,,Ravens,2-38,5-146,,,,,0,0,0,0,0,0,0,0,0,2,36,2016,,,2016,,,2016,2,38,2016,5,146,2016,,,2016,,,2016,,,2016,,,2016,540,0,0,520,33,0,0,0,0,540,553,-13,0,0
2016,Dolphins,2-38,,,Ravens,2-42,4-107,,,,,0,0,0,0,0,0,0,0,0,2,38,2016,,,2016,,,2016,2,42,2016,4,107,2016,,,2016,,,2016,,,2016,,,2016,520,0,0,480,80,0,0,0,0,520,560,-40,0,0
2016,Bills,2-41,,,Bears,2-49,4-117,4-117,,,,0,0,0,0,0,1,0,0,0,2,41,2016,,,2016,,,2016,2,49,2016,4,117,2016,4,117,2017,,,2016,,,2016,,,2016,490,0,0,410,60,60,0,0,0,490,530,-40,0,1
2016,Packers,2-48,,,Colts,2-57,4-125,7-248,,,,0,0,0,0,0,0,0,0,0,2,48,2016,,,2016,,,2016,2,57,2016,4,125,2016,7,248,2016,,,2016,,,2016,,,2016,420,0,0,330,47,1,0,0,0,420,378,42,0,0
2016,Seahawks,2-49,,,Bears,2-56,4-124,,,,,0,0,0,0,0,0,0,0,0,2,49,2016,,,2016,,,2016,2,56,2016,4,124,2016,,,2016,,,2016,,,2016,,,2016,410,0,0,340,48,0,0,0,0,410,388,22,0,0
2016,Texans,2-50,,,Falcons,2-52,6-195,,,,,0,0,0,0,0,0,0,0,0,2,50,2016,,,2016,,,2016,2,52,2016,6,195,2016,,,2016,,,2016,,,2016,,,2016,400,0,0,380,14,0,0,0,0,400,394,6,0,0
2016,Bucs,2-59,,,Chiefs,3-74,4-106,,,,,0,0,0,0,0,0,0,0,0,2,59,2016,,,2016,,,2016,3,74,2016,4,106,2016,,,2016,,,2016,,,2016,,,2016,310,0,0,220,82,0,0,0,0,310,302,8,0,0
2016,Saints,2-61,,,Patriots,3-78,4-112,,,,,0,0,0,0,0,0,0,0,0,2,61,2016,,,2016,,,2016,3,78,2016,4,112,2016,,,2016,,,2016,,,2016,,,2016,292,0,0,200,70,0,0,0,0,292,270,22,0,0
2016,Panthers,3-77,5-141,,Browns,3-93,4-129,6-168,,,,0,0,0,0,0,0,0,0,0,3,77,2016,5,141,2016,,,2016,3,93,2016,4,129,2016,6,168,2016,,,2016,,,2016,,,2016,205,36,0,128,43,25,0,0,0,241,196,44,0,0
2016,Dolphins,3-86,,,Vikings,6-186,3-86,4-128,,,,0,0,0,0,1,1,0,0,0,3,86,2016,,,2016,,,2016,6,186,2016,3,86,2017,4,128,2017,,,2016,,,2016,,,2016,160,0,0,18,160,44,0,0,0,160,222,-62,0,2
2016,Raiders,4-100,,,Browns,4-114,5-154,,,,,0,0,0,0,0,0,0,0,0,4,100,2016,,,2016,,,2016,4,114,2016,5,154,2016,,,2016,,,2016,,,2016,,,2016,100,0,0,66,31,0,0,0,0,100,97,3,0,0
2016,Bears,4-113,,,Rams,4-117,6-206,,,,,0,0,0,0,0,0,0,0,0,4,113,2016,,,2016,,,2016,4,117,2016,6,206,2016,,,2016,,,2016,,,2016,,,2016,68,0,0,60,10,0,0,0,0,68,70,-2,0,0
2016,Saints,4-120,,,Redskins,5-152,5-154,,,,,0,0,0,0,1,0,0,0,0,4,120,2016,,,2016,,,2016,5,152,2016,5,154,2017,,,2016,,,2016,,,2016,,,2016,54,0,0,32,31,0,0,0,0,54,63,-9,0,1
2016,Seahawks,5-147,7-243,,Patriots,7-225,4-131,,,,,0,0,0,0,1,0,0,0,0,5,147,2016,7,243,2016,,,2016,7,225,2016,4,131,2017,,,2016,,,2016,,,2016,,,2016,33,1,0,3,41,0,0,0,0,34,44,-10,0,1
2016,Patriots,5-147,,,Dolphins,6-196,6-204,7-250,,,,0,0,0,0,0,0,0,0,0,5,147,2016,,,2016,,,2016,6,196,2016,6,204,2016,7,250,2016,,,2016,,,2016,,,2016,33,0,0,14,11,1,0,0,0,33,26,7,0,0
2016,Titans,5-157,7-253,,Broncos,6-176,6-203,,,,,0,0,0,0,1,0,0,0,0,5,157,2016,7,253,2016,,,2016,6,176,2016,6,203,2017,,,2016,,,2016,,,2016,,,2016,30,1,0,22,11,0,0,0,0,30,33,-3,0,1
2016,Vikings,5-188,,,Eagles,6-196,7-240,,,,,0,0,0,0,0,0,0,0,0,5,188,2016,,,2016,,,2016,6,196,2016,7,240,2016,,,2016,,,2016,,,2016,,,2016,17,0,0,14,1,0,0,0,0,17,15,2,0,0
2016,Jets,6-158,,,Redskins,4-114,,,,,,0,0,0,1,0,0,0,0,0,6,158,2016,,,2016,,,2016,4,114,2017,,,2016,,,2016,,,2016,,,2016,,,2016,29,0,0,66,0,0,0,0,0,29,66,-37,0,1
2016,Dolphins,6-186,,,Vikings,6-196,7-227,,,,,0,0,0,0,0,0,0,0,0,6,186,2016,,,2016,,,2016,6,196,2016,7,227,2016,,,2016,,,2016,,,2016,,,2016,18,0,0,14,3,0,0,0,0,18,17,1,0,0
2017,Bears,1-2,,,49ers,1-3,3-67,4-11,3-70 ,,,0,0,0,0,0,0,1,0,0,1,2,2017,,,2017,,,2017,1,3,2017,3,67,2017,4,11,2017,3,70,2018,,,2017,,,2017,2600,0,0,2200,255,1250,240,0,0,2600,3945,-1345,0,1
2017,Chiefs,1-10,,,Bills,1-27,3-91,1-22,,,,0,0,0,0,0,1,0,0,0,1,10,2017,,,2017,,,2017,1,27,2017,3,91,2017,1,22,2018,,,2017,,,2017,,,2017,1300,0,0,680,136,780,0,0,0,1300,1596,-296,0,1
2017,Texans,1-12,,,Ravens,1-25,1-4,,,,,0,0,0,0,1,0,0,0,0,1,12,2017,,,2017,,,2017,1,25,2017,1,4,2018,,,2017,,,2017,,,2017,,,2017,1200,0,0,720,1800,0,0,0,0,1200,2520,-1320,0,1
2017,Falcons,1-26,,,Seahawks,1-31,3-95,7-249,,,,0,0,0,0,0,0,0,0,0,1,26,2017,,,2017,,,2017,1,31,2017,3,95,2017,7,249,2017,,,2017,,,2017,,,2017,700,0,0,600,120,1,0,0,0,700,721,-21,0,0
2017,Browns,1-29,,,Packers,2-33,4-108,,,,,0,0,0,0,0,0,0,0,0,1,29,2017,,,2017,,,2017,2,33,2017,4,108,2017,,,2017,,,2017,,,2017,,,2017,640,0,0,580,78,0,0,0,0,640,658,-18,0,0
2017,49ers,1-31,,,Seahawks,2-34,4-111,,,,,0,0,0,0,0,0,0,0,0,1,31,2017,,,2017,,,2017,2,34,2017,4,111,2017,,,2017,,,2017,,,2017,,,2017,600,0,0,560,72,0,0,0,0,600,632,-32,0,0
2017,Jaguars,2-34,,,Seahawks,2-35,6-187,,,,,0,0,0,0,0,0,0,0,0,2,34,2017,,,2017,,,2017,2,35,2017,6,187,2017,,,2017,,,2017,,,2017,,,2017,560,0,0,550,18,0,0,0,0,560,568,-8,0,0
2017,Cardinals,2-36,7-221,,Bears,2-45,4-119,6-197,4-115,,,0,0,0,0,0,0,1,0,0,2,36,2017,7,221,2017,,,2017,2,45,2017,4,119,2017,6,197,2017,4,115,2018,,,2017,,,2017,540,4,0,450,56,14,64,0,0,544,584,-40,0,1
2017,Bills,2-37,5-149,,Rams,2-44,3-91,,,,,0,0,0,0,0,0,0,0,0,2,37,2017,5,149,2017,,,2017,2,44,2017,3,91,2017,,,2017,,,2017,,,2017,,,2017,530,32,0,460,136,0,0,0,0,562,596,-34,0,0
2017,Vikings,2-41,,,Bengals,2-48,4-128,,,,,0,0,0,0,0,0,0,0,0,2,41,2017,,,2017,,,2017,2,48,2017,4,128,2017,,,2017,,,2017,,,2017,,,2017,490,0,0,420,44,0,0,0,0,490,464,26,0,0
2017,Bills,2-63,,,Falcons,3-75,5-149,5-156,,,,0,0,0,0,0,0,0,0,0,2,63,2017,,,2017,,,2017,3,75,2017,5,149,2017,5,156,2017,,,2017,,,2017,,,2017,276,0,0,215,32,30,0,0,0,276,277,-1,0,0
2017,Saints,3-67,,,49ers,7-229,2-59,,,,,0,0,0,0,1,0,0,0,0,3,67,2017,,,2017,,,2017,7,229,2017,2,59,2018,,,2017,,,2017,,,2017,,,2017,255,0,0,3,310,0,0,0,0,255,313,-58,0,1
2017,Vikings,3-70,,,Jets,3-79,5-160,,,,,0,0,0,0,0,0,0,0,0,3,70,2017,,,2017,,,2017,3,79,2017,5,160,2017,,,2017,,,2017,,,2017,,,2017,240,0,0,195,28,0,0,0,0,240,223,17,0,0
2017,Titans,3-72,7-200,,Patriots,3-83,4-124,,,,,0,0,0,0,0,0,0,0,0,3,72,2017,7,200,2017,,,2017,3,83,2017,4,124,2017,,,2017,,,2017,,,2017,,,2017,230,12,0,175,48,0,0,0,0,242,223,19,0,0
2017,Panthers,3-77,,,Cardinals,3-98,4-115,,,,,0,0,0,0,0,0,0,0,0,3,77,2017,,,2017,,,2017,3,98,2017,4,115,2017,,,2017,,,2017,,,2017,,,2017,205,0,0,108,64,0,0,0,0,205,172,33,0,0
2017,Patriots,3-85,,,Lions,3-96,4-124,,,,,0,0,0,0,0,0,0,0,0,3,85,2017,,,2017,,,2017,3,96,2017,4,124,2017,,,2017,,,2017,,,2017,,,2017,165,0,0,116,48,0,0,0,0,165,164,1,0,0
2017,Chiefs,3-86,,,Vikings,3-104,4-132,7-245,,,,0,0,0,0,0,0,0,0,0,3,86,2017,,,2017,,,2017,3,104,2017,4,132,2017,7,245,2017,,,2017,,,2017,,,2017,160,0,0,86,40,1,0,0,0,160,127,33,0,0
2017,49ers,3-104,,,Vikings,4-109,7-219,,,,,0,0,0,0,0,0,0,0,0,3,104,2017,,,2017,,,2017,4,109,2017,7,219,2017,,,2017,,,2017,,,2017,,,2017,86,0,0,76,5,0,0,0,0,86,81,5,0,0
2017,Bucs,3-107,,,Jets,4-125,6-204,,,,,0,0,0,0,0,0,0,0,0,3,107,2017,,,2017,,,2017,4,125,2017,6,204,2017,,,2017,,,2017,,,2017,,,2017,80,0,0,47,11,0,0,0,0,80,58,22,0,0
2017,Bears,4-112,,,Ravens,4-117,6-197,,,,,0,0,0,0,0,0,0,0,0,4,112,2017,,,2017,,,2017,4,117,2017,6,197,2017,,,2017,,,2017,,,2017,,,2017,70,0,0,60,14,0,0,0,0,70,74,-4,0,0
2017,49ers,4-121,,,Colts,4-143,5-161,,,,,0,0,0,0,0,0,0,0,0,4,121,2017,,,2017,,,2017,4,143,2017,5,161,2017,,,2017,,,2017,,,2017,,,2017,52,0,0,35,28,0,0,0,0,52,63,-11,0,0
2017,Rams,4-125,,,Jets,4-141,6-197,,,,,0,0,0,0,0,0,0,0,0,4,125,2017,,,2017,,,2017,4,141,2017,6,197,2017,,,2017,,,2017,,,2017,,,2017,47,0,0,36,14,0,0,0,0,47,49,-2,0,0
2017,Browns,4-126,7-252,,Broncos,5-145,5-175,,,,,0,0,0,0,0,0,0,0,0,4,126,2017,7,252,2017,,,2017,5,145,2017,5,175,2017,,,2017,,,2017,,,2017,,,2017,46,1,0,34,22,0,0,0,0,47,56,-9,0,0
2017,Eagles,4-132,,,Vikings,4-139,7-230,,,,,0,0,0,0,0,0,0,0,0,4,132,2017,,,2017,,,2017,4,139,2017,7,230,2017,,,2017,,,2017,,,2017,,,2017,40,0,0,37,2,0,0,0,0,40,39,1,0,0
2017,Chiefs,4-139,,,Vikings,5-170,5-180,,,,,0,0,0,0,0,0,0,0,0,4,139,2017,,,2017,,,2017,5,170,2017,5,180,2017,,,2017,,,2017,,,2017,,,2017,37,0,0,24,20,0,0,0,0,37,45,-8,0,0
2017,Titans,5-155,,,Eagles,5-164,6-214,,,,,0,0,0,0,0,0,0,0,0,5,155,2017,,,2017,,,2017,5,164,2017,6,214,2017,,,2017,,,2017,,,2017,,,2017,30,0,0,27,7,0,0,0,0,30,34,-3,0,0
2017,Browns,5-160,7-224,,Jets,5-181,6-188,,,,,0,0,0,0,0,0,0,0,0,5,160,2017,7,224,2017,,,2017,5,181,2017,6,188,2017,,,2017,,,2017,,,2017,,,2017,28,3,0,20,17,0,0,0,0,31,37,-6,0,0
2017,Dolphins,5-164,6-194,,Eagles,5-166,5-184,,,,,0,0,0,0,0,0,0,0,0,5,164,2017,6,194,2017,,,2017,5,166,2017,5,184,2017,,,2017,,,2017,,,2017,,,2017,27,15,0,26,19,0,0,0,0,42,45,-3,0,0
2017,Broncos,5-172,,,Packers,5-175,7-238,,,,,0,0,0,0,0,0,0,0,0,5,172,2017,,,2017,,,2017,5,175,2017,7,238,2017,,,2017,,,2017,,,2017,,,2017,24,0,0,22,2,0,0,0,0,24,24,0,0,0
2017,Cowboys,6-191,,,Jets,5-157,,,,,,0,0,0,1,0,0,0,0,0,6,191,2017,,,2017,,,2017,5,157,2018,,,2017,,,2017,,,2017,,,2017,,,2017,16,0,0,30,0,0,0,0,0,16,30,-14,0,1
2017,Redskins,6-199,7-230,,Vikings,6-201,7-220,,,,,0,0,0,0,0,0,0,0,0,6,199,2017,7,230,2017,,,2017,6,201,2017,7,220,2017,,,2017,,,2017,,,2017,,,2017,13,2,0,12,4,0,0,0,0,15,16,-1,0,0
2017,Giants,6-200,,,Titans,6-207,7-241,,,,,0,0,0,0,0,0,0,0,0,6,200,2017,,,2017,,,2017,6,207,2017,7,241,2017,,,2017,,,2017,,,2017,,,2017,12,0,0,10,1,0,0,0,0,12,11,1,0,0
2017,Bengals,6-207,,,Titans,6-217,7-227,,,,,0,0,0,0,0,0,0,0,0,6,207,2017,,,2017,,,2017,6,217,2017,7,227,2017,,,2017,,,2017,,,2017,,,2017,10,0,0,6,3,0,0,0,0,10,8,1,0,0
2017,Cardinals,6-208,,,Raiders,7-221,7-231,,,,,0,0,0,0,0,0,0,0,0,6,208,2017,,,2017,,,2017,7,221,2017,7,231,2017,,,2017,,,2017,,,2017,,,2017,9,0,0,4,2,0,0,0,0,9,6,3,0,0
2017,Patriots,6-211,,,Cowboys,6-216,7-239,,,,,0,0,0,0,0,0,0,0,0,6,211,2017,,,2017,,,2017,6,216,2017,7,239,2017,,,2017,,,2017,,,2017,,,2017,8,0,0,6,2,0,0,0,0,8,8,1,0,0
2017,Bucs,7-223,,,Dolphins,7-237,7-223,,,,,0,0,0,0,1,0,0,0,0,7,223,2017,,,2017,,,2017,7,237,2017,7,223,2018,,,2017,,,2017,,,2017,,,2017,3,0,0,2,3,0,0,0,0,3,5,-2,0,1
2018,Jets,1-3,,,Colts,1-6,2-37,2-49,2-34,,,0,0,0,0,0,0,1,0,0,1,3,2018,,,2018,,,2018,1,6,2018,2,37,2018,2,49,2018,2,34,2019,,,2018,,,2018,2200,0,0,1600,530,410,560,0,0,2200,3100,-900,0,1
2018,Bills,1-7,7-255,,Bucs,1-12,2-53,2-56,,,,0,0,0,0,0,0,0,0,0,1,7,2018,7,255,2018,,,2018,1,12,2018,2,53,2018,2,56,2018,,,2018,,,2018,,,2018,1500,0,0,1200,370,340,0,0,0,1500,1910,-410,0,0
2018,Cardinals,1-10,,,Raiders,1-15,3-79,5-152,,,,0,0,0,0,0,0,0,0,0,1,10,2018,,,2018,,,2018,1,15,2018,3,79,2018,5,152,2018,,,2018,,,2018,,,2018,1300,0,0,1050,195,32,0,0,0,1300,1277,23,0,0
2018,Saints,1-14,,,Packers,1-27,5-147,1-30,,,,0,0,0,0,0,1,0,0,0,1,14,2018,,,2018,,,2018,1,27,2018,5,147,2018,1,30,2019,,,2018,,,2018,,,2018,1100,0,0,680,33,620,0,0,0,1100,1333,-233,0,1
2018,Bills,1-16,,,Ravens,1-22,3-65,,,,,0,0,0,0,0,0,0,0,0,1,16,2018,,,2018,,,2018,1,22,2018,3,65,2018,,,2018,,,2018,,,2018,,,2018,1000,0,0,780,265,0,0,0,0,1000,1045,-45,0,0
2018,Packers,1-18,7-248,,Seahawks,1-27,3-76,6-186,,,,0,0,0,0,0,0,0,0,0,1,18,2018,7,248,2018,,,2018,1,27,2018,3,76,2018,6,186,2018,,,2018,,,2018,,,2018,900,1,0,680,210,18,0,0,0,901,908,-7,0,0
2018,Titans,1-22,6-215,,Ravens,1-25,4-125,,,,,0,0,0,0,0,0,0,0,0,1,22,2018,6,215,2018,,,2018,1,25,2018,4,125,2018,,,2018,,,2018,,,2018,,,2018,780,6,0,720,47,0,0,0,0,786,767,19,0,0
2018,Ravens,1-32,4-132,,Eagles,2-52,4-125,2-53,,,,0,0,0,0,0,1,0,0,0,1,32,2018,4,132,2018,,,2018,2,52,2018,4,125,2018,2,53,2019,,,2018,,,2018,,,2018,590,40,0,380,47,370,0,0,0,630,797,-167,0,1
2018,Titans,2-41,,,Raiders,2-57,3-89,,,,,0,0,0,0,0,0,0,0,0,2,41,2018,,,2018,,,2018,2,57,2018,3,89,2018,,,2018,,,2018,,,2018,,,2018,490,0,0,330,145,0,0,0,0,490,475,15,0,0
2018,Lions,2-43,,,Patriots,2-51,4-117,,,,,0,0,0,0,0,0,0,0,0,2,43,2018,,,2018,,,2018,2,51,2018,4,117,2018,,,2018,,,2018,,,2018,,,2018,470,0,0,390,60,0,0,0,0,470,450,20,0,0
2018,49ers,2-44,5-142,,Redskins,2-59,3-74,,,,,0,0,0,0,0,0,0,0,0,2,44,2018,5,142,2018,,,2018,2,59,2018,3,74,2018,,,2018,,,2018,,,2018,,,2018,460,35,0,310,220,0,0,0,0,495,530,-35,0,0
2018,Chiefs,2-46,3-100,,Bengals,2-54,3-78,,,,,0,0,0,0,0,0,0,0,0,2,46,2018,3,100,2018,,,2018,2,54,2018,3,78,2018,,,2018,,,2018,,,2018,,,2018,440,100,0,360,200,0,0,0,0,540,560,-20,0,0
2018,Eagles,2-49,,,Colts,2-52,5-169,,,,,0,0,0,0,0,0,0,0,0,2,49,2018,,,2018,,,2018,2,52,2018,5,169,2018,,,2018,,,2018,,,2018,,,2018,410,0,0,380,25,0,0,0,0,410,405,5,0,0
2018,Bears,2-51,,,Patriots,4-105,2-56,,,,,0,0,0,0,1,0,0,0,0,2,51,2018,,,2018,,,2018,4,105,2018,2,56,2019,,,2018,,,2018,,,2018,,,2018,390,0,0,84,340,0,0,0,0,390,424,-34,0,1
2018,Patriots,2-56,,,Bucs,2-63,4-117,,,,,0,0,0,0,0,0,0,0,0,2,56,2018,,,2018,,,2018,2,63,2018,4,117,2018,,,2018,,,2018,,,2018,,,2018,340,0,0,276,60,0,0,0,0,340,336,4,0,0
2018,Colts,2-64,,,Browns,2-67,6-178,,,,,0,0,0,0,0,0,0,0,0,2,64,2018,,,2018,,,2018,2,67,2018,6,178,2018,,,2018,,,2018,,,2018,,,2018,270,0,0,255,21,0,0,0,0,270,276,-6,0,0
2018,Raiders,3-65,,,Ravens,3-75,5-172,6-212,,,,0,0,0,0,0,0,0,0,0,3,65,2018,,,2018,,,2018,3,75,2018,5,172,2018,6,212,2018,,,2018,,,2018,,,2018,265,0,0,215,24,8,0,0,0,265,246,19,0,0
2018,Chiefs,3-75,,,Ravens,3-86,4-122,,,,,0,0,0,0,0,0,0,0,0,3,75,2018,,,2018,,,2018,3,86,2018,4,122,2018,,,2018,,,2018,,,2018,,,2018,215,0,0,160,50,0,0,0,0,215,210,5,0,0
2018,Steelers,3-76,,,Seahawks,3-79,7-220,,,,,0,0,0,0,0,0,0,0,0,3,76,2018,,,2018,,,2018,3,79,2018,7,220,2018,,,2018,,,2018,,,2018,,,2018,210,0,0,195,4,0,0,0,0,210,199,11,0,0
2018,Raiders,3-87,,,Rams,3-89,6-217,,,,,0,0,0,0,0,0,0,0,0,3,87,2018,,,2018,,,2018,3,89,2018,6,217,2018,,,2018,,,2018,,,2018,,,2018,155,0,0,145,6,0,0,0,0,155,151,4,0,0
2018,Packers,3-88,,,Panthers,4-101,5-147,,,,,0,0,0,0,0,0,0,0,0,3,88,2018,,,2018,,,2018,4,101,2018,5,147,2018,,,2018,,,2018,,,2018,,,2018,150,0,0,96,33,0,0,0,0,150,129,21,0,0
2018,Bucs,3-94,,,Vikings,4-102,6-180,,,,,0,0,0,0,0,0,0,0,0,3,94,2018,,,2018,,,2018,4,102,2018,6,180,2018,,,2018,,,2018,,,2018,,,2018,124,0,0,92,20,0,0,0,0,124,112,12,0,0
2018,Browns,4-105,,,Patriots,4-114,6-178,,,,,0,0,0,0,0,0,0,0,0,4,105,2018,,,2018,,,2018,4,114,2018,6,178,2018,,,2018,,,2018,,,2018,,,2018,84,0,0,66,21,0,0,0,0,84,87,-3,0,0
2018,Lions,4-114,,,Patriots,3-73,,,,,,0,0,0,1,0,0,0,0,0,4,114,2018,,,2018,,,2018,3,73,2019,,,2018,,,2018,,,2018,,,2018,,,2018,66,0,0,225,0,0,0,0,0,66,225,-159,0,1
2018,Panthers,4-136,,,Rams,5-147,6-197,,,,,0,0,0,0,0,0,0,0,0,4,136,2018,,,2018,,,2018,5,147,2018,6,197,2018,,,2018,,,2018,,,2018,,,2018,38,0,0,33,14,0,0,0,0,38,46,-8,0,0
2018,Raiders,5-140,,,Colts,5-159,6-185,,,,,0,0,0,0,0,0,0,0,0,5,140,2018,,,2018,,,2018,5,159,2018,6,185,2018,,,2018,,,2018,,,2018,,,2018,36,0,0,29,18,0,0,0,0,36,47,-11,0,0
2018,Seahawks,5-149,,,Broncos,5-156,7-226,,,,,0,0,0,0,0,0,0,0,0,5,149,2018,,,2018,,,2018,5,156,2018,7,226,2018,,,2018,,,2018,,,2018,,,2018,32,0,0,30,3,0,0,0,0,32,33,-1,0,0
2018,Titans,5-152,,,Ravens,5-162,6-215,,,,,0,0,0,0,0,0,0,0,0,5,152,2018,,,2018,,,2018,5,162,2018,6,215,2018,,,2018,,,2018,,,2018,,,2018,32,0,0,28,6,0,0,0,0,32,34,-2,0,0
2018,Vikings,5-157,,,Jets,5-167,7-225,,,,,0,0,0,0,0,0,0,0,0,5,157,2018,,,2018,,,2018,5,167,2018,7,225,2018,,,2018,,,2018,,,2018,,,2018,30,0,0,26,3,0,0,0,0,30,29,1,0,0
2018,Rams,5-160,,,Broncos,6-183,6-217,,,,,0,0,0,0,0,0,0,0,0,5,160,2018,,,2018,,,2018,6,183,2018,6,217,2018,,,2018,,,2018,,,2018,,,2018,28,0,0,19,6,0,0,0,0,28,25,4,0,0
2018,Vikings,5-167,7-225,,Jets,6-180,6-204,,,,,0,0,0,0,0,0,0,0,0,5,167,2018,7,225,2018,,,2018,6,180,2018,6,204,2018,,,2018,,,2018,,,2018,,,2018,26,3,0,20,11,0,0,0,0,29,31,-3,0,0
2018,Falcons,6-194,,,Rams,7-244,7-256,,,,,0,0,0,0,0,0,0,0,0,6,194,2018,,,2018,,,2018,7,244,2018,7,256,2018,,,2018,,,2018,,,2018,,,2018,15,0,0,1,0,0,0,0,0,15,1,13,0,0
2018,Redskins,6-197,7-256,,Rams,6-205,7-231,,,,,0,0,0,0,0,0,0,0,0,6,197,2018,7,256,2018,,,2018,6,205,2018,7,231,2018,,,2018,,,2018,,,2018,,,2018,14,0,0,10,2,0,0,0,0,14,13,1,0,0
2018,Chiefs,6-198,,,Patriots,7-233,7-243,,,,,0,0,0,0,0,0,0,0,0,6,198,2018,,,2018,,,2018,7,233,2018,7,243,2018,,,2018,,,2018,,,2018,,,2018,13,0,0,2,1,0,0,0,0,13,3,10,0,0
2018,Eagles,7-233,,,Patriots,7-250,7-239,,,,,0,0,0,0,1,0,0,0,0,7,233,2018,,,2018,,,2018,7,250,2018,7,239,2019,,,2018,,,2018,,,2018,,,2018,2,0,0,1,2,0,0,0,0,2,2,0,0,1
2019,Steelers,1-10,,,Broncos,1-20,2-52,3-83,,,,0,0,0,0,0,1,0,0,0,1,10,2019,,,2019,,,2019,1,20,2019,2,52,2019,3,83,2020,,,2019,,,2019,,,2019,1300,0,0,850,380,175,0,0,0,1300,1405,-105,0,1
2019,Packers,1-21,,,Seahawks,1-30,4-114,4-118,,,,0,0,0,0,0,0,0,0,0,1,21,2019,,,2019,,,2019,1,30,2019,4,114,2019,4,118,2019,,,2019,,,2019,,,2019,800,0,0,620,66,58,0,0,0,800,744,56,0,0
2019,Eagles,1-22,,,Ravens,1-25,4-127,6-197,,,,0,0,0,0,0,0,0,0,0,1,22,2019,,,2019,,,2019,1,25,2019,4,127,2019,6,197,2019,,,2019,,,2019,,,2019,780,0,0,720,45,14,0,0,0,780,779,1,0,0
2019,Redskins,1-26,,,Colts,2-46,2-34,,,,,0,0,0,0,1,0,0,0,0,1,26,2019,,,2019,,,2019,2,46,2019,2,34,2020,,,2019,,,2019,,,2019,,,2019,700,0,0,440,560,0,0,0,0,700,1000,-300,0,1
2019,Giants,1-30,,,Seahawks,2-37,4-132,5-142,,,,0,0,0,0,0,0,0,0,0,1,30,2019,,,2019,,,2019,2,37,2019,4,132,2019,5,142,2019,,,2019,,,2019,,,2019,620,0,0,530,40,35,0,0,0,620,605,15,0,0
2019,Falcons,1-31,6-203,,Rams,2-45,3-79,,,,,0,0,0,0,0,0,0,0,0,1,31,2019,6,203,2019,,,2019,2,45,2019,3,79,2019,,,2019,,,2019,,,2019,,,2019,600,11,0,450,195,0,0,0,0,611,645,-34,0,0
2019,Jaguars,2-35,5-140,7-235,Raiders,2-38,4-109,,,,,0,0,0,0,0,0,0,0,0,2,35,2019,5,140,2019,7,235,2019,2,38,2019,4,109,2019,,,2019,,,2019,,,2019,,,2019,550,36,2,520,76,0,0,0,0,588,596,-8,0,0
2019,Panthers,2-37,,,Seahawks,2-47,3-77,,,,,0,0,0,0,0,0,0,0,0,2,37,2019,,,2019,,,2019,2,47,2019,3,77,2019,,,2019,,,2019,,,2019,,,2019,530,0,0,430,205,0,0,0,0,530,635,-105,0,0
2019,Bills,2-38,,,Raiders,2-40,5-158,,,,,0,0,0,0,0,0,0,0,0,2,38,2019,,,2019,,,2019,2,40,2019,5,158,2019,,,2019,,,2019,,,2019,,,2019,520,0,0,500,29,0,0,0,0,520,529,-9,0,0
2019,Broncos,2-42,,,Bengals,2-52,4-125,6-182,,,,0,0,0,0,0,0,0,0,0,2,42,2019,,,2019,,,2019,2,52,2019,4,125,2019,6,182,2019,,,2019,,,2019,,,2019,480,0,0,380,47,20,0,0,0,480,447,33,0,0
2019,Patriots,2-45,,,Rams,2-56,3-101,,,,,0,0,0,0,0,0,0,0,0,2,45,2019,,,2019,,,2019,2,56,2019,3,101,2019,,,2019,,,2019,,,2019,,,2019,450,0,0,340,96,0,0,0,0,450,436,14,0,0
2019,Browns,2-46,,,Colts,2-49,5-144,,,,,0,0,0,0,0,0,0,0,0,2,46,2019,,,2019,,,2019,2,49,2019,5,144,2019,,,2019,,,2019,,,2019,,,2019,440,0,0,410,34,0,0,0,0,440,444,-4,0,0
2019,Saints,2-48,4-116,,Dolphins,2-62,6-202,2-56,,,,0,0,0,0,0,1,0,0,0,2,48,2019,4,116,2019,,,2019,2,62,2019,6,202,2019,2,56,2020,,,2019,,,2019,,,2019,420,62,0,284,12,340,0,0,0,482,636,-154,0,1
2019,Chiefs,2-56,,,Rams,2-61,5-167,,,,,0,0,0,0,0,0,0,0,0,2,56,2019,,,2019,,,2019,2,61,2019,5,167,2019,,,2019,,,2019,,,2019,,,2019,340,0,0,292,26,0,0,0,0,340,318,22,0,0
2019,Seahawks,2-64,,,Patriots,3-77,4-118,,,,,0,0,0,0,0,0,0,0,0,2,64,2019,,,2019,,,2019,3,77,2019,4,118,2019,,,2019,,,2019,,,2019,,,2019,270,0,0,205,58,0,0,0,0,270,263,7,0,0
2019,Rams,3-70,,,Bucs,3-94,3-99,,,,,0,0,0,0,0,0,0,0,0,3,70,2019,,,2019,,,2019,3,94,2019,3,99,2019,,,2019,,,2019,,,2019,,,2019,240,0,0,124,104,0,0,0,0,240,228,12,0,0
2019,Bears,3-73,6-205,,Patriots,3-87,5-162,4-125,,,,0,0,0,0,0,1,0,0,0,3,73,2019,6,205,2019,,,2019,3,87,2019,5,162,2019,4,125,2020,,,2019,,,2019,,,2019,225,10,0,155,28,47,0,0,0,235,230,6,0,1
2019,Lions,3-81,,,Vikings,3-88,6-204,,,,,0,0,0,0,0,0,0,0,0,3,81,2019,,,2019,,,2019,3,88,2019,6,204,2019,,,2019,,,2019,,,2019,,,2019,185,0,0,150,11,0,0,0,0,185,161,24,0,0
2019,Seahawks,3-88,6-209,,Vikings,3-92,5-159,,,,,0,0,0,0,0,0,0,0,0,3,88,2019,6,209,2019,,,2019,3,92,2019,5,159,2019,,,2019,,,2019,,,2019,,,2019,150,9,0,132,29,0,0,0,0,159,161,-2,0,0
2019,Jets,3-92,,,Vikings,3-93,7-217,,,,,0,0,0,0,0,0,0,0,0,3,92,2019,,,2019,,,2019,3,93,2019,7,217,2019,,,2019,,,2019,,,2019,,,2019,132,0,0,128,6,0,0,0,0,132,134,-2,0,0
2019,Ravens,3-93,,,Vikings,3-102,6-191,6-193,,,,0,0,0,0,0,0,0,0,0,3,93,2019,,,2019,,,2019,3,102,2019,6,191,2019,6,193,2019,,,2019,,,2019,,,2019,128,0,0,92,16,15,0,0,0,128,123,5,0,0
2019,Bills,3-96,,,Redskins,4-112,4-131,,,,,0,0,0,0,0,0,0,0,0,3,96,2019,,,2019,,,2019,4,112,2019,4,131,2019,,,2019,,,2019,,,2019,,,2019,116,0,0,70,41,0,0,0,0,116,111,5,0,0
2019,Rams,3-97,5-162,,Patriots,3-101,4-133,,,,,0,0,0,0,0,0,0,0,0,3,97,2019,5,162,2019,,,2019,3,101,2019,4,133,2019,,,2019,,,2019,,,2019,,,2019,112,28,0,96,40,0,0,0,0,140,136,4,0,0
2019,Bengals,4-104,,,49ers,4-110,6-183,6-198,,,,0,0,0,0,0,0,0,0,0,4,104,2019,,,2019,,,2019,4,110,2019,6,183,2019,6,198,2019,,,2019,,,2019,,,2019,86,0,0,74,19,13,0,0,0,86,106,-20,0,0
2019,Saints,4-105,,,Jets,4-116,5-168,,,,,0,0,0,0,0,0,0,0,0,4,105,2019,,,2019,,,2019,4,116,2019,5,168,2019,,,2019,,,2019,,,2019,,,2019,84,0,0,62,25,0,0,0,0,84,87,-3,0,0
2019,Colts,4-109,,,Raiders,4-129,4-135,,,,,0,0,0,0,0,0,0,0,0,4,109,2019,,,2019,,,2019,4,129,2019,4,135,2019,,,2019,,,2019,,,2019,,,2019,76,0,0,43,39,0,0,0,0,76,82,-6,0,0
2019,Falcons,4-111,,,Lions,4-117,6-186,,,,,0,0,0,0,0,0,0,0,0,4,111,2019,,,2019,,,2019,4,117,2019,6,186,2019,,,2019,,,2019,,,2019,,,2019,72,0,0,60,18,0,0,0,0,72,78,-6,0,0
2019,Vikings,4-114,,,Seahawks,4-120,6-204,,,,,0,0,0,0,0,0,0,0,0,4,114,2019,,,2019,,,2019,4,120,2019,6,204,2019,,,2019,,,2019,,,2019,,,2019,66,0,0,54,11,0,0,0,0,66,65,1,0,0
2019,Titans,4-116,5-168,,Jets,4-121,5-157,,,,,0,0,0,0,0,0,0,0,0,4,116,2019,5,168,2019,,,2019,4,121,2019,5,157,2019,,,2019,,,2019,,,2019,,,2019,62,25,0,52,30,0,0,0,0,87,82,6,0,0
2019,Rams,4-124,7-243,,Patriots,5-162,5-167,,,,,0,0,0,0,0,0,0,0,0,4,124,2019,7,243,2019,,,2019,5,162,2019,5,167,2019,,,2019,,,2019,,,2019,,,2019,48,1,0,28,26,0,0,0,0,49,53,-4,0,0
2019,Falcons,4-135,,,Raiders,4-137,7-230,,,,,0,0,0,0,0,0,0,0,0,4,135,2019,,,2019,,,2019,4,137,2019,7,230,2019,,,2019,,,2019,,,2019,,,2019,39,0,0,38,2,0,0,0,0,39,40,-1,0,0
2019,Bengals,4-136,,,Cowboys,5-149,6-213,,,,,0,0,0,0,0,0,0,0,0,4,136,2019,,,2019,,,2019,5,149,2019,6,213,2019,,,2019,,,2019,,,2019,,,2019,38,0,0,32,7,0,0,0,0,38,39,-1,0,0
2019,Raiders,5-149,,,Cowboys,5-158,7-218,,,,,0,0,0,0,0,0,0,0,0,5,149,2019,,,2019,,,2019,5,158,2019,7,218,2019,,,2019,,,2019,,,2019,,,2019,32,0,0,29,5,0,0,0,0,32,34,-3,0,0
2019,Patriots,5-159,,,Vikings,5-162,7-239,,,,,0,0,0,0,0,0,0,0,0,5,159,2019,,,2019,,,2019,5,162,2019,7,239,2019,,,2019,,,2019,,,2019,,,2019,29,0,0,28,2,0,0,0,0,29,29,0,0,0
2019,Patriots,5-163,,,Eagles,5-167,7-246,,,,,0,0,0,0,0,0,0,0,0,5,163,2019,,,2019,,,2019,5,167,2019,7,246,2019,,,2019,,,2019,,,2019,,,2019,27,0,0,26,1,0,0,0,0,27,27,1,0,0
2019,Broncos,6-187,,,Panthers,6-212,7-237,,,,,0,0,0,0,0,0,0,0,0,6,187,2019,,,2019,,,2019,6,212,2019,7,237,2019,,,2019,,,2019,,,2019,,,2019,18,0,0,8,2,0,0,0,0,18,9,8,0,0
2019,Seahawks,7-236,,,Jaguars,6-206,,,,,,0,0,0,1,0,0,0,0,0,7,236,2019,,,2019,,,2019,6,206,2020,,,2019,,,2019,,,2019,,,2019,,,2019,2,0,0,10,0,0,0,0,0,2,10,-8,0,1
2020,Bears,1-13,7-245,,49ers,1-14,4-117,,,,,0,0,0,0,0,0,0,0,0,1,13,2020,7,245,2020,,,2020,1,14,2020,4,117,2020,,,2020,,,2020,,,2020,,,2020,1150,1,0,1100,60,0,0,0,0,1151,1160,-9,0,0
2020,Chargers,1-23,,,Patriots,2-37,3-71,,,,,0,0,0,0,0,0,0,0,0,1,23,2020,,,2020,,,2020,2,37,2020,3,71,2020,,,2020,,,2020,,,2020,,,2020,760,0,0,530,235,0,0,0,0,760,765,-5,0,0
2020,49ers,1-25,,,Vikings,1-31,4-117,5-176,,,,0,0,0,0,0,0,0,0,0,1,25,2020,,,2020,,,2020,1,31,2020,4,117,2020,5,176,2020,,,2020,,,2020,,,2020,720,0,0,600,60,22,0,0,0,720,682,38,0,0
2020,Packers,1-26,,,Dolphins,1-30,4-136,,,,,0,0,0,0,0,0,0,0,0,1,26,2020,,,2020,,,2020,1,30,2020,4,136,2020,,,2020,,,2020,,,2020,,,2020,700,0,0,620,38,0,0,0,0,700,658,42,0,0
2020,Colts,2-41,,,Browns,2-44,5-160,,,,,0,0,0,0,0,0,0,0,0,2,41,2020,,,2020,,,2020,2,44,2020,5,160,2020,,,2020,,,2020,,,2020,,,2020,490,0,0,460,28,0,0,0,0,490,488,2,0,0
2020,Jets,2-48,,,Seahawks,3-69,5-148,,,,,0,0,0,0,0,0,0,0,0,2,48,2020,,,2020,,,2020,3,69,2020,5,148,2020,,,2020,,,2020,,,2020,,,2020,420,0,0,245,32,0,0,0,0,420,277,143,0,0
2020,Saints,3-74,7-244,,Browns,3-88,3-91,,,,,0,0,0,0,1,0,0,0,0,3,74,2020,7,244,2020,,,2020,3,88,2020,3,91,2021,,,2020,,,2020,,,2020,,,2020,220,1,0,150,136,0,0,0,0,221,286,-65,0,1
2020,Lions,3-75,6-197,,Colts,3-85,5-149,6-182,,,,0,0,0,0,0,0,0,0,0,3,75,2020,6,197,2020,,,2020,3,85,2020,5,149,2020,6,182,2020,,,2020,,,2020,,,2020,215,14,0,165,32,20,0,0,0,229,216,12,0,0
2020,Patriots,3-91,5-159,,Raiders,3-100,4-139,5-172,,,,0,0,0,0,0,0,0,0,0,3,91,2020,5,159,2020,,,2020,3,100,2020,4,139,2020,5,172,2020,,,2020,,,2020,,,2020,136,29,0,100,37,24,0,0,0,165,160,5,0,0
2020,Saints,3-105,,,Vikings,4-130,5-169,6-203,7-244,,,0,0,0,0,0,0,0,0,0,3,105,2020,,,2020,,,2020,4,130,2020,5,169,2020,6,203,2020,7,244,2020,,,2020,,,2020,84,0,0,42,25,11,1,0,0,84,79,5,0,0
2020,Raiders,4-109,,,Lions,4-121,5-172,,,,,0,0,0,0,0,0,0,0,0,4,109,2020,,,2020,,,2020,4,121,2020,5,172,2020,,,2020,,,2020,,,2020,,,2020,76,0,0,52,24,0,0,0,0,76,76,0,0,0
2020,Dolphins,4-111,,,Texans,4-136,4-141,,,,,0,0,0,0,0,0,0,0,0,4,111,2020,,,2020,,,2020,4,136,2020,4,141,2020,,,2020,,,2020,,,2020,,,2020,72,0,0,38,36,0,0,0,0,72,74,-2,0,0
2020,Texans,4-126,,,Rams,4-136,7-248,7-250,,,,0,0,0,0,0,0,0,0,0,4,126,2020,,,2020,,,2020,4,136,2020,7,248,2020,7,250,2020,,,2020,,,2020,,,2020,46,0,0,38,1,1,0,0,0,46,40,7,0,0
2020,Cowboys,4-146,,,Eagles,5-164,5-156,,,,,0,0,0,0,1,0,0,0,0,4,146,2020,,,2020,,,2020,5,164,2020,5,156,2021,,,2020,,,2020,,,2020,,,2020,33,0,0,27,30,0,0,0,0,33,57,-24,0,1
2020,Bears,5-155,,,Vikings,4-125,,,,,,0,0,0,1,0,0,0,0,0,5,155,2020,,,2020,,,2020,4,125,2021,,,2020,,,2020,,,2020,,,2020,,,2020,30,0,0,47,0,0,0,0,0,30,47,-17,0,1
2020,Dolphins,5-164,,,Eagles,5-173,7-227,,,,,0,0,0,0,0,0,0,0,0,5,164,2020,,,2020,,,2020,5,173,2020,7,227,2020,,,2020,,,2020,,,2020,,,2020,27,0,0,23,3,0,0,0,0,27,26,1,0,0
2020,Bears,5-173,7-227,,Eagles,6-196,6-200,7-233,,,,0,0,0,0,0,0,0,0,0,5,173,2020,7,227,2020,,,2020,6,196,2020,6,200,2020,7,233,2020,,,2020,,,2020,,,2020,23,3,0,14,12,2,0,0,0,26,29,-3,0,0
2020,Patriots,6-182,,,Colts,6-212,6-213,,,,,0,0,0,0,0,0,0,0,0,6,182,2020,,,2020,,,2020,6,212,2020,6,213,2020,,,2020,,,2020,,,2020,,,2020,20,0,0,8,7,0,0,0,0,20,15,5,0,0
2020,Ravens,6-201,7-219,,Vikings,7-225,5-168,,,,,0,0,0,0,1,0,0,0,0,6,201,2020,7,219,2020,,,2020,7,225,2020,5,168,2021,,,2020,,,2020,,,2020,,,2020,12,5,0,3,25,0,0,0,0,17,28,-11,0,1
2020,Saints,7-240,,,Texans,6-212,,,,,,0,0,0,1,0,0,0,0,0,7,240,2020,,,2020,,,2020,6,212,2021,,,2020,,,2020,,,2020,,,2020,,,2020,1,0,0,8,0,0,0,0,0,1,8,-6,0,1
2020,Seahawks,7-251,,,Dolphins,6-208,,,,,,0,0,0,1,0,0,0,0,0,7,251,2020,,,2020,,,2020,6,208,2021,,,2020,,,2020,,,2020,,,2020,,,2020,1,0,0,9,0,0,0,0,0,1,9,-9,0,1
2021,Dolphins,1-6,5-156,,Eagles,1-12,4-123,1-15,,,,0,0,0,0,0,1,0,0,0,1,6,2021,5,156,2021,,,2021,1,12,2021,4,123,2021,1,15,2022,,,2021,,,2021,,,2021,1600,30,0,1200,49,1050,0,0,0,1630,2299,-669,0,1
2021,Eagles,1-10,,,Cowboys,1-12,3-84,,,,,0,0,0,0,0,0,0,0,0,1,10,2021,,,2021,,,2021,1,12,2021,3,84,2021,,,2021,,,2021,,,2021,,,2021,1300,0,0,1200,170,0,0,0,0,1300,1370,-70,0,0
2021,Bears,1-11,,,Giants,1-20,5-164,1-7,4-112,,,0,0,0,0,0,1,1,0,0,1,11,2021,,,2021,,,2021,1,20,2021,5,164,2021,1,7,2022,4,112,2022,,,2021,,,2021,1250,0,0,850,27,1500,70,0,0,1250,2447,-1197,0,2
2021,Jets,1-14,4-143,,Vikings,1-23,3-66,3-86,,,,0,0,0,0,0,0,0,0,0,1,14,2021,4,143,2021,,,2021,1,23,2021,3,66,2021,3,86,2021,,,2021,,,2021,,,2021,1100,35,0,760,260,160,0,0,0,1135,1180,-46,0,0
2021,Broncos,2-35,6-219,,Falcons,2-40,4-114,,,,,0,0,0,0,0,0,0,0,0,2,35,2021,6,219,2021,,,2021,2,40,2021,4,114,2021,,,2021,,,2021,,,2021,,,2021,550,5,0,500,66,0,0,0,0,555,566,-11,0,0
2021,Patriots,2-38,,,Bengals,2-46,4-122,4-139,,,,0,0,0,0,0,0,0,0,0,2,38,2021,,,2021,,,2021,2,46,2021,4,122,2021,4,139,2021,,,2021,,,2021,,,2021,520,0,0,440,50,37,0,0,0,520,527,-7,0,0
2021,Bears,2-39,5-151,,Panthers,2-52,3-83,6-204,,,,0,0,0,0,0,0,0,0,0,2,39,2021,5,151,2021,,,2021,2,52,2021,3,83,2021,6,204,2021,,,2021,,,2021,,,2021,510,31,0,380,175,11,0,0,0,541,566,-25,0,0
2021,Dolphins,2-42,,,Giants,2-50,3-81,,,,,0,0,0,0,1,0,0,0,0,2,42,2021,,,2021,,,2021,2,50,2021,3,81,2022,,,2021,,,2021,,,2021,,,2021,480,0,0,400,185,0,0,0,0,480,585,-105,0,1
2021,Raiders,2-43,7-230,,49ers,2-48,4-121,,,,,0,0,0,0,0,0,0,0,0,2,43,2021,7,230,2021,,,2021,2,48,2021,4,121,2021,,,2021,,,2021,,,2021,,,2021,470,2,0,420,52,0,0,0,0,472,472,0,0,0
2021,Browns,2-52,4-113,,Panthers,2-59,3-89,,,,,0,0,0,0,0,0,0,0,0,2,52,2021,4,113,2021,,,2021,2,59,2021,3,89,2021,,,2021,,,2021,,,2021,,,2021,380,68,0,310,145,0,0,0,0,448,455,-7,0,0
2021,Panthers,3-70,,,Eagles,3-73,6-191,,,,,0,0,0,0,0,0,0,0,0,3,70,2021,,,2021,,,2021,3,73,2021,6,191,2021,,,2021,,,2021,,,2021,,,2021,240,0,0,225,16,0,0,0,0,240,241,-1,0,0
2021,Giants,3-71,,,Broncos,3-76,5-164,,,,,0,0,0,0,0,0,0,0,0,3,71,2021,,,2021,,,2021,3,76,2021,5,164,2021,,,2021,,,2021,,,2021,,,2021,235,0,0,210,27,0,0,0,0,235,237,-2,0,0
2021,Saints,3-76,,,Broncos,3-98,3-105,,,,,0,0,0,0,0,0,0,0,0,3,76,2021,,,2021,,,2021,3,98,2021,3,105,2021,,,2021,,,2021,,,2021,,,2021,210,0,0,108,84,0,0,0,0,210,192,18,0,0
2021,Packers,3-85,,,Titans,3-92,4-135,,,,,0,0,0,0,0,0,0,0,0,3,85,2021,,,2021,,,2021,3,92,2021,4,135,2021,,,2021,,,2021,,,2021,,,2021,165,0,0,132,39,0,0,0,0,165,171,-6,0,0
2021,49ers,3-88,,,Rams,4-117,4-121,,,,,0,0,0,0,0,0,0,0,0,3,88,2021,,,2021,,,2021,4,117,2021,4,121,2021,,,2021,,,2021,,,2021,,,2021,150,0,0,60,52,0,0,0,0,150,112,38,0,0
2021,Texans,3-89,,,Panthers,4-109,5-158,4-137,,,,0,0,0,0,0,1,0,0,0,3,89,2021,,,2021,,,2021,4,109,2021,5,158,2021,4,137,2022,,,2021,,,2021,,,2021,145,0,0,76,29,38,0,0,0,145,143,2,0,1
2021,Titans,4-109,,,Panthers,4-126,5-166,7-232,,,,0,0,0,0,0,0,0,0,0,4,109,2021,,,2021,,,2021,4,126,2021,5,166,2021,7,232,2021,,,2021,,,2021,,,2021,76,0,0,46,26,2,0,0,0,76,74,2,0,0
2021,Lions,4-113,7-257,,Browns,5-153,4-107,,,,,0,0,0,0,1,0,0,0,0,4,113,2021,7,257,2021,,,2021,5,153,2021,4,107,2022,,,2021,,,2021,,,2021,,,2021,68,0,0,31,80,0,0,0,0,68,111,-43,0,1
2021,Jaguars,4-121,6-209,,Rams,4-130,5-170,7-249,,,,0,0,0,0,0,0,0,0,0,4,121,2021,6,209,2021,,,2021,4,130,2021,5,170,2021,7,249,2021,,,2021,,,2021,,,2021,52,9,0,42,24,1,0,0,0,61,67,-6,0,0
2021,Bucs,4-129,,,Seahawks,4-137,6-217,,,,,0,0,0,0,0,0,0,0,0,4,129,2021,,,2021,,,2021,4,137,2021,6,217,2021,,,2021,,,2021,,,2021,,,2021,43,0,0,38,6,0,0,0,0,43,43,0,0,0
2021,Cardinals,4-136,6-210,,Ravens,5-160,4-128,,,,,0,0,0,0,1,0,0,0,0,4,136,2021,6,210,2021,,,2021,5,160,2021,4,128,2022,,,2021,,,2021,,,2021,,,2021,38,8,0,28,44,0,0,0,0,46,72,-26,0,1
2021,Raiders,4-143,,,Jets,5-162,6-200,,,,,0,0,0,0,0,0,0,0,0,4,143,2021,,,2021,,,2021,5,162,2021,6,200,2021,,,2021,,,2021,,,2021,,,2021,35,0,0,28,12,0,0,0,0,35,40,-6,0,0
2021,Steelers,5-156,,,Dolphins,4-125,,,,,,0,0,0,1,0,0,0,0,0,5,156,2021,,,2021,,,2021,4,125,2022,,,2021,,,2021,,,2021,,,2021,,,2021,30,0,0,47,0,0,0,0,0,30,47,-17,0,1
2021,Chiefs,5-162,6-226,,Jets,5-175,6-207,,,,,0,0,0,0,0,0,0,0,0,5,162,2021,6,226,2021,,,2021,5,175,2021,6,207,2021,,,2021,,,2021,,,2021,,,2021,28,3,0,22,10,0,0,0,0,30,32,-2,0,0
2021,Texans,5-170,,,Rams,5-174,7-233,,,,,0,0,0,0,0,0,0,0,0,5,170,2021,,,2021,,,2021,5,174,2021,7,233,2021,,,2021,,,2021,,,2021,,,2021,24,0,0,23,2,0,0,0,0,24,25,-1,0,0
2021,Texans,5-174,,,Bills,6-203,6-212,,,,,0,0,0,0,0,0,0,0,0,5,174,2021,,,2021,,,2021,6,203,2021,6,212,2021,,,2021,,,2021,,,2021,,,2021,23,0,0,11,8,0,0,0,0,23,19,4,0,0
2021,Saints,6-206,,,Colts,6-218,7-229,,,,,0,0,0,0,0,0,0,0,0,6,206,2021,,,2021,,,2021,6,218,2021,7,229,2021,,,2021,,,2021,,,2021,,,2021,10,0,0,5,3,0,0,0,0,10,8,2,0,0
2021,Seahawks,6-208,,,Bears,6-217,7-250,,,,,0,0,0,0,0,0,0,0,0,6,208,2021,,,2021,,,2021,6,217,2021,7,250,2021,,,2021,,,2021,,,2021,,,2021,9,0,0,6,1,0,0,0,0,9,6,3,0,0
2021,Redskins,6-225,7-240,,Eagles,5-154,,,,,,0,0,0,1,0,0,0,0,0,6,225,2021,7,240,2021,,,2021,5,154,2022,,,2021,,,2021,,,2021,,,2021,,,2021,3,1,0,31,0,0,0,0,0,4,31,-27,0,1
2022,Saints,1-11,,,Redskins,1-16,2-98,4-120,,,,0,0,0,0,0,0,0,0,0,1,11,2022,,,2022,,,2022,1,16,2022,2,98,2022,4,120,2022,,,2022,,,2022,,,2022,1250,0,0,1000,108,54,0,0,0,1250,1162,88,0,0
2022,Lions,1-12,2-46,,Vikings,1-32,2-34,3-66,,,,0,0,0,0,0,0,0,0,0,1,12,2022,2,46,2022,,,2022,1,32,2022,2,34,2022,3,66,2022,,,2022,,,2022,,,2022,1200,440,0,590,560,260,0,0,0,1640,1410,230,0,0
2022,Eagles,1-13,,,Texans,1-15,4-124,5-162,5-166,,,0,0,0,0,0,0,0,0,0,1,13,2022,,,2022,,,2022,1,15,2022,4,124,2022,5,162,2022,5,166,2022,,,2022,,,2022,1150,0,0,1050,48,28,26,0,0,1150,1152,-2,0,0
2022,Chiefs,1-21,,,Patriots,1-29,3-94,4-121,,,,0,0,0,0,0,0,0,0,0,1,21,2022,,,2022,,,2022,1,29,2022,3,94,2022,4,121,2022,,,2022,,,2022,,,2022,800,0,0,640,124,52,0,0,0,800,816,-16,0,0
2022,Bills,1-23,,,Ravens,1-25,4-130,,,,,0,0,0,0,0,0,0,0,0,1,23,2022,,,2022,,,2022,1,25,2022,4,130,2022,,,2022,,,2022,,,2022,,,2022,760,0,0,720,42,0,0,0,0,760,762,-2,0,0
2022,Jets,1-26,3-101,,Titans,2-35,3-69,5-163,,,,0,0,0,0,0,0,0,0,0,1,26,2022,3,101,2022,,,2022,2,35,2022,3,69,2022,5,163,2022,,,2022,,,2022,,,2022,700,96,0,550,245,27,0,0,0,796,822,-26,0,0
2022,Jaguars,1-27,,,Bucs,2-33,4-106,6-180,,,,0,0,0,0,0,0,0,0,0,1,27,2022,,,2022,,,2022,2,33,2022,4,106,2022,6,180,2022,,,2022,,,2022,,,2022,680,0,0,580,82,20,0,0,0,680,682,-2,0,0
2022,Packers,2-34,,,Vikings,2-53,2-59,,,,,0,0,0,0,0,0,0,0,0,2,34,2022,,,2022,,,2022,2,53,2022,2,59,2022,,,2022,,,2022,,,2022,,,2022,560,0,0,370,310,0,0,0,0,560,680,-120,0,0
2022,Jets,2-36,,,Giants,2-38,5-146,,,,,0,0,0,0,0,0,0,0,0,2,36,2022,,,2022,,,2022,2,38,2022,5,146,2022,,,2022,,,2022,,,2022,,,2022,540,0,0,520,33,0,0,0,0,540,553,-13,0,0
2022,Falcons,2-38,,,Giants,2-43,4-114,,,,,0,0,0,0,0,0,0,0,0,2,38,2022,,,2022,,,2022,2,43,2022,4,114,2022,,,2022,,,2022,,,2022,,,2022,520,0,0,470,66,0,0,0,0,520,536,-16,0,0
2022,Vikings,2-42,4-122,,Colts,2-53,3-77,6-192,,,,0,0,0,0,0,0,0,0,0,2,42,2022,4,122,2022,,,2022,2,53,2022,3,77,2022,6,192,2022,,,2022,,,2022,,,2022,480,50,0,370,205,16,0,0,0,530,591,-61,0,0
2022,Texans,2-44,,,Browns,3-68,4-108,4-124,,,,0,0,0,0,0,0,0,0,0,2,44,2022,,,2022,,,2022,3,68,2022,4,108,2022,4,124,2022,,,2022,,,2022,,,2022,460,0,0,250,78,48,0,0,0,460,376,84,0,0
2022,Patriots,2-50,,,Chiefs,2-54,5-158,,,,,0,0,0,0,0,0,0,0,0,2,50,2022,,,2022,,,2022,2,54,2022,5,158,2022,,,2022,,,2022,,,2022,,,2022,400,0,0,360,29,0,0,0,0,400,389,11,0,0
2022,Bucs,2-57,,,Bills,2-60,6-180,,,,,0,0,0,0,0,0,0,0,0,2,57,2022,,,2022,,,2022,2,60,2022,6,180,2022,,,2022,,,2022,,,2022,,,2022,330,0,0,300,20,0,0,0,0,330,320,10,0,0
2022,Bengals,2-60,,,Bills,2-63,6-209,,,,,0,0,0,0,0,0,0,0,0,2,60,2022,,,2022,,,2022,2,63,2022,6,209,2022,,,2022,,,2022,,,2022,,,2022,300,0,0,276,9,0,0,0,0,300,285,15,0,0
2022,Texans,3-75,,,Broncos,3-80,5-162,,,,,0,0,0,0,0,0,0,0,0,3,75,2022,,,2022,,,2022,3,80,2022,5,162,2022,,,2022,,,2022,,,2022,,,2022,215,0,0,190,28,0,0,0,0,215,218,-3,0,0
2022,Titans,3-86,,,Raiders,3-90,5-169,,,,,0,0,0,0,0,0,0,0,0,3,86,2022,,,2022,,,2022,3,90,2022,5,169,2022,,,2022,,,2022,,,2022,,,2022,160,0,0,140,25,0,0,0,0,160,165,-5,0,0
2022,Panthers,4-120,6-189,,Redskins,5-144,5-149,,,,,0,0,0,0,0,0,0,0,0,4,120,2022,6,189,2022,,,2022,5,144,2022,5,149,2022,,,2022,,,2022,,,2022,,,2022,54,17,0,34,32,0,0,0,0,71,66,5,0,0
2022,Raiders,4-122,7-250,,Vikings,4-126,7-227,,,,,0,0,0,0,0,0,0,0,0,4,122,2022,7,250,2022,,,2022,4,126,2022,7,227,2022,,,2022,,,2022,,,2022,,,2022,50,1,0,46,3,0,0,0,0,51,49,2,0,0
2022,Raiders,4-126,,,Vikings,5-165,5-169,,,,,0,0,0,0,0,0,0,0,0,4,126,2022,,,2022,,,2022,5,165,2022,5,169,2022,,,2022,,,2022,,,2022,,,2022,46,0,0,26,25,0,0,0,0,46,51,-5,0,0
2022,Chiefs,5-145,,,Seahawks,5-158,7-233,,,,,0,0,0,0,0,0,0,0,0,5,145,2022,,,2022,,,2022,5,158,2022,7,233,2022,,,2022,,,2022,,,2022,,,2022,34,0,0,29,2,0,0,0,0,34,31,2,0,0
2022,Bears,5-148,,,Bills,5-168,6-203,,,,,0,0,0,0,0,0,0,0,0,5,148,2022,,,2022,,,2022,5,168,2022,6,203,2022,,,2022,,,2022,,,2022,,,2022,32,0,0,25,11,0,0,0,0,32,36,-4,0,0
2022,Texans,5-150,,,Bears,5-166,6-207,,,,,0,0,0,0,0,0,0,0,0,5,150,2022,,,2022,,,2022,5,166,2022,6,207,2022,,,2022,,,2022,,,2022,,,2022,31,0,0,26,10,0,0,0,0,31,36,-4,0,0
2022,Jaguars,5-154,,,Eagles,6-188,6-198,,,,,0,0,0,0,0,0,0,0,0,5,154,2022,,,2022,,,2022,6,188,2022,6,198,2022,,,2022,,,2022,,,2022,,,2022,31,0,0,17,13,0,0,0,0,31,30,0,0,0
2022,Rams,5-164,,,Raiders,5-175,7-238,,,,,0,0,0,0,0,0,0,0,0,5,164,2022,,,2022,,,2022,5,175,2022,7,238,2022,,,2022,,,2022,,,2022,,,2022,27,0,0,22,2,0,0,0,0,27,24,3,0,0
2022,Bengals,5-166,,,Bears,5-174,7-226,,,,,0,0,0,0,0,0,0,0,0,5,166,2022,,,2022,,,2022,5,174,2022,7,226,2022,,,2022,,,2022,,,2022,,,2022,26,0,0,23,3,0,0,0,0,26,26,0,0,0
2022,Texans,5-170,,,Patriots,6-183,7-245,,,,,0,0,0,0,0,0,0,0,0,5,170,2022,,,2022,,,2022,6,183,2022,7,245,2022,,,2022,,,2022,,,2022,,,2022,24,0,0,19,1,0,0,0,0,24,20,4,0,0
2022,Broncos,5-171,,,Packers,5-179,7-234,,,,,0,0,0,0,0,0,0,0,0,5,171,2022,,,2022,,,2022,5,179,2022,7,234,2022,,,2022,,,2022,,,2022,,,2022,24,0,0,21,2,0,0,0,0,24,23,1,0,0
2022,Eagles,6-181,,,Lions,6-188,7-237,,,,,0,0,0,0,0,0,0,0,0,6,181,2022,,,2022,,,2022,6,188,2022,7,237,2022,,,2022,,,2022,,,2022,,,2022,20,0,0,17,2,0,0,0,0,20,19,1,0,0
2022,Bucs,6-218,,,Rams,7-235,7-261,,,,,0,0,0,0,0,0,0,0,0,6,218,2022,,,2022,,,2022,7,235,2022,7,261,2022,,,2022,,,2022,,,2022,,,2022,5,0,0,2,0,0,0,0,0,5,2,3,0,0
2023,Cardinals,1-6,3-81,,Lions,1-12,2-34,5-168,,,,0,0,0,0,0,0,0,0,0,1,6,2023,3,81,2023,,,2023,1,12,2023,2,34,2023,5,168,2023,,,2023,,,2023,,,2023,1600,185,0,1200,560,25,0,0,0,1785,1785,0,0,0
2023,Steelers,1-14,,,Patriots,1-17,4-120,,,,,0,0,0,0,0,0,0,0,0,1,14,2023,,,2023,,,2023,1,17,2023,4,120,2023,,,2023,,,2023,,,2023,,,2023,1100,0,0,950,54,0,0,0,0,1100,1004,96,0,0
2023,Giants,1-24,,,Jaguars,1-25,5-160,7-240,,,,0,0,0,0,0,0,0,0,0,1,24,2023,,,2023,,,2023,1,25,2023,5,160,2023,7,240,2023,,,2023,,,2023,,,2023,740,0,0,720,28,1,0,0,0,740,750,-10,0,0
2023,Jaguars,1-25,,,Bills,1-27,4-130,,,,,0,0,0,0,0,0,0,0,0,1,25,2023,,,2023,,,2023,1,27,2023,4,130,2023,,,2023,,,2023,,,2023,,,2023,720,0,0,680,42,0,0,0,0,720,722,-2,0,0
2023,Raiders,2-35,,,Colts,2-38,5-141,,,,,0,0,0,0,0,0,0,0,0,2,35,2023,,,2023,,,2023,2,38,2023,5,141,2023,,,2023,,,2023,,,2023,,,2023,550,0,0,520,36,0,0,0,0,550,556,-6,0,0
2023,Falcons,2-38,,,Colts,2-44,4-110,,,,,0,0,0,0,0,0,0,0,0,2,38,2023,,,2023,,,2023,2,44,2023,4,110,2023,,,2023,,,2023,,,2023,,,2023,520,0,0,460,74,0,0,0,0,520,534,-14,0,0
2023,Lions,2-45,,,Packers,2-48,5-159,,,,,0,0,0,0,0,0,0,0,0,2,45,2023,,,2023,,,2023,2,48,2023,5,159,2023,,,2023,,,2023,,,2023,,,2023,450,0,0,420,29,0,0,0,0,450,449,1,0,0
2023,Bucs,2-48,,,Packers,2-50,6-179,,,,,0,0,0,0,0,0,0,0,0,2,48,2023,,,2023,,,2023,2,50,2023,6,179,2023,,,2023,,,2023,,,2023,,,2023,420,0,0,400,21,0,0,0,0,420,421,-1,0,0
2023,Chiefs,2-55,6-194,,Lions,2-63,4-122,7-249,,,,0,0,0,0,0,0,0,0,0,2,55,2023,6,194,2023,,,2023,2,63,2023,4,122,2023,7,249,2023,,,2023,,,2023,,,2023,350,15,0,276,50,1,0,0,0,365,327,38,0,0
2023,Bears,2-56,,,Jaguars,2-61,5-136,,,,,0,0,0,0,0,0,0,0,0,2,56,2023,,,2023,,,2023,2,61,2023,5,136,2023,,,2023,,,2023,,,2023,,,2023,340,0,0,292,38,0,0,0,0,340,330,10,0,0
2023,Texans,2-62,,,Eagles,3-65,6-188,7-230,,,,0,0,0,0,0,0,0,0,0,2,62,2023,,,2023,,,2023,3,65,2023,6,188,2023,7,230,2023,,,2023,,,2023,,,2023,284,0,0,265,17,2,0,0,0,284,285,-1,0,0
2023,Broncos,2-63,,,Lions,3-68,5-139,,,,,0,0,0,0,0,0,0,0,0,2,63,2023,,,2023,,,2023,3,68,2023,5,139,2023,,,2023,,,2023,,,2023,,,2023,276,0,0,250,37,0,0,0,0,276,287,-11,0,0
2023,Texans,3-69,6-191,,Rams,3-73,5-161,,,,,0,0,0,0,0,0,0,0,0,3,69,2023,6,191,2023,,,2023,3,73,2023,5,161,2023,,,2023,,,2023,,,2023,,,2023,245,16,0,225,28,0,0,0,0,261,253,8,0,0
2023,Giants,3-73,,,Rams,3-89,4-128,,,,,0,0,0,0,0,0,0,0,0,3,73,2023,,,2023,,,2023,3,89,2023,4,128,2023,,,2023,,,2023,,,2023,,,2023,225,0,0,145,44,0,0,0,0,225,189,36,0,0
2023,Panthers,3-80,,,Steelers,3-93,4-132,,,,,0,0,0,0,0,0,0,0,0,3,80,2023,,,2023,,,2023,3,93,2023,4,132,2023,,,2023,,,2023,,,2023,,,2023,190,0,0,128,40,0,0,0,0,190,168,22,0,0
2023,49ers,3-87,,,Vikings,3-102,5-164,7-222,,,,0,0,0,0,0,0,0,0,0,3,87,2023,,,2023,,,2023,3,102,2023,5,164,2023,7,222,2023,,,2023,,,2023,,,2023,155,0,0,92,27,4,0,0,0,155,122,33,0,0
2023,Chiefs,3-92,,,Bengals,3-95,6-217,,,,,0,0,0,0,0,0,0,0,0,3,92,2023,,,2023,,,2023,3,95,2023,6,217,2023,,,2023,,,2023,,,2023,,,2023,132,0,0,120,6,0,0,0,0,132,126,6,0,0
2023,Lions,3-96,,,Cardinals,4-122,5-139,5-168,,,,0,0,0,0,0,0,0,0,0,3,96,2023,,,2023,,,2023,4,122,2023,5,139,2023,5,168,2023,,,2023,,,2023,,,2023,116,0,0,50,37,25,0,0,0,116,112,4,0,0
2023,Saints,4-103,,,Bears,4-115,5-165,,,,,0,0,0,0,0,0,0,0,0,4,103,2023,,,2023,,,2023,4,115,2023,5,165,2023,,,2023,,,2023,,,2023,,,2023,88,0,0,64,26,0,0,0,0,88,90,-2,0,0
2023,Raiders,4-104,6-203,,Texans,4-109,5-174,,,,,0,0,0,0,0,0,0,0,0,4,104,2023,6,203,2023,,,2023,4,109,2023,5,174,2023,,,2023,,,2023,,,2023,,,2023,86,11,0,76,23,0,0,0,0,97,99,-2,0,0
2023,Patriots,4-112,,,Jets,4-120,6-184,,,,,0,0,0,0,0,0,0,0,0,4,112,2023,,,2023,,,2023,4,120,2023,6,184,2023,,,2023,,,2023,,,2023,,,2023,70,0,0,54,19,0,0,0,0,70,73,-3,0,0
2023,Raiders,4-135,,,Patriots,4-144,6-214,,,,,0,0,0,0,0,0,0,0,0,4,135,2023,,,2023,,,2023,4,144,2023,6,214,2023,,,2023,,,2023,,,2023,,,2023,39,0,0,34,7,0,0,0,0,39,41,-2,0,0
2023,Redskins,5-137,,,Bills,5-150,6-215,,,,,0,0,0,0,0,0,0,0,0,5,137,2023,,,2023,,,2023,5,150,2023,6,215,2023,,,2023,,,2023,,,2023,,,2023,38,0,0,31,6,0,0,0,0,38,38,0,0,0
2023,Vikings,5-141,,,Colts,5-158,6-211,,,,,0,0,0,0,0,0,0,0,0,5,141,2023,,,2023,,,2023,5,158,2023,6,211,2023,,,2023,,,2023,,,2023,,,2023,36,0,0,29,8,0,0,0,0,36,37,-2,0,0
2023,Texans,5-167,,,Rams,5-174,7-259,,,,,0,0,0,0,0,0,0,0,0,5,167,2023,,,2023,,,2023,5,174,2023,7,259,2023,,,2023,,,2023,,,2023,,,2023,26,0,0,23,0,0,0,0,0,26,23,3,0,0
2023,Raiders,5-170,,,Jets,6-204,7-220,,,,,0,0,0,0,0,0,0,0,0,5,170,2023,,,2023,,,2023,6,204,2023,7,220,2023,,,2023,,,2023,,,2023,,,2023,24,0,0,11,4,0,0,0,0,24,15,9,0,0
2023,Bucs,5-171,,,Rams,5-175,7-252,,,,,0,0,0,0,0,0,0,0,0,5,171,2023,,,2023,,,2023,5,175,2023,7,252,2023,,,2023,,,2023,,,2023,,,2023,24,0,0,22,1,0,0,0,0,24,23,1,0,0
2023,Eagles,6-191,,,Texans,7-230,7-248,,,,,0,0,0,0,0,0,0,0,0,6,191,2023,,,2023,,,2023,7,230,2023,7,248,2023,,,2023,,,2023,,,2023,,,2023,16,0,0,2,1,0,0,0,0,16,3,13,0,0
2023,Chargers,6-200,,,Bears,7-254,7-255,,,,,0,0,0,0,0,0,0,0,0,6,200,2023,,,2023,,,2023,7,254,2023,7,255,2023,,,2023,,,2023,,,2023,,,2023,12,0,0,1,0,0,0,0,0,12,1,11,0,0
